股票代码,公司简称,提问者,提问时间,问题内容,公司回复,回复者,indexId
2594,比亚迪,irm2774592,2026/3/30 20:33,请公司按时披露重要信息,,,2.23457E+18
2594,比亚迪,cninfo687410,2026/3/30 9:57,2025年公司为什么只拿出利润的十分之一进行分红，是不是不在意小股东利益？,,,2.23424E+18
2594,比亚迪,irm3248386,2026/3/30 4:02,公司是否已经从销量察觉汽车产品设计与定位问题？目前三大问题：一是设计风格不稳定，例如汉L唐L造型的失败。王朝系列应该沉稳大气，海洋网应年轻活力，方程豹越野方正潮流，腾势走商务舒适，仰望应简约霸气。二是价格混乱，应该明确渐分层。同一价格区间有太多同质化车型，导致消费者难以抉择。三是车型混乱，新出车型太多，大部分颜值不尽人意。导致精品车型少，只能打造少数爆款车型，难以树立明确的形象口碑。,,,2.23406E+18
2594,比亚迪,irm3250802,2026/3/29 17:39,董秘，您好！作为一名长期持有比亚迪公司的小股东，希望您向董事会转达我的个人建议。比亚迪公司近几年要少分红或者不分红，本次股东大会不要通过分红方案，而要将分红的资金用于迅速的扩大闪充站建设速度和用于固态电池研发投入。谢谢！,,,2.23374E+18
2594,比亚迪,irm2774592,2026/3/11 18:00,你们怎么结合AI进行技术创新？,尊敬的投资者，您好！汽车制造的应用是AI落地好的场景，公司一方面引入AI工具聚焦核心工作环节、激发研发灵感，推动经营效率与质量提升；另一方面利用AI赋能动力系统、智能座舱、智能驾驶等领域能力不断进化，持续优化消费者体验感，实现产品与功能的迭代进化。感谢您的关注！,比亚迪,2.22039E+18
2594,比亚迪,cninfo1370584,2026/3/6 22:01,昨天看完比亚迪的发布会，二代刀片非常的震撼，公司是否考虑下沉市场做两轮的电动车，或者考虑和华为一样提供技术给两轮电动车。个人认为这个市场是非常巨大的。,尊敬的投资者，您好！公司小动力电池可应用于各种领域，包括电动工具、清洁电器、电动二轮车、启停电池、机器人、小储能、微型电动车等领域。感谢您对公司的关注！,比亚迪,2.2168E+18
2594,比亚迪,cninfo1203082,2026/3/27 11:39,请问公司的闪充站大规模建设过程中闪充站场地及设施设备资产的所有权是比亚迪公司还是合作建站方？相关的固定资产是否计入公司财务报表中摊销。建站过程中的固定资产以及场地费用由分别由哪方出资？,,,2.23207E+18
2594,比亚迪,irm2774592,2026/3/26 18:07,公司储能收入占比太少了吧。怎么拓展和提升？,,,2.23152E+18
2594,比亚迪,irm3190605,2026/3/5 23:38,"今日全程观摩了贵比亚迪闪充的发布会，晚上特地去了超充站看
发现充电枪线上写的鑫宏利三个字，请问是我们知道的上市公司鑫宏利301310的产品吗？
他们建设项目包含其他吗？",尊敬的投资人，您好！公司的供应链合作及相关技术参数，属于商业保密范畴，请咨询相关公开信息。感谢关注！,比亚迪,2.21611E+18
2594,比亚迪,irm2293573,2026/3/2 12:26,建议公司收购魅族，打造自己的手机产业，未来手机跟汽车一体，让人们时刻离不开比亚迪，比短期利润更重要。,尊敬的投资者，您好！感谢关注！,比亚迪,2.21354E+18
2594,比亚迪,irm3235999,2026/3/24 7:57,问，海外业务业绩今年预估会增长多少,尊敬的投资者，您好！相关信息请以官方发布为准。感谢您对公司的关注！,比亚迪,2.22973E+18
2594,比亚迪,irm2774592,2026/3/25 22:30,你们有无飞行汽车参与低空的设计？,您好！比亚迪一直秉承用技术创新，满足人们对美好生活的向往，持续关注消费者的需求，并适时推出符合需求的产品。感谢您对公司的关注！,比亚迪,2.23092E+18
2594,比亚迪,cninfo636625,2026/3/6 11:06,昨天的发布会新闪充技术非常震撼。但是有个问题，节假日是高速出行高峰期，高速超充站的建设是单独拉线建设的吗？因为感觉一个储能单元，充不了几辆车就没电了。即使单独拉线了，会不会对现有电网容量结构造成冲击？,尊敬的投资者，您好！闪充能带来高翻台率，同时系统能够在闪充补能间隙持续为闪充系统补电，闪充站和终端完全有能力支撑连续不间断的日常运营。系统在工作时，电网输入与闪充系统放电始终处于“边充边补”的动态平衡状态。感谢您对公司的关注！,比亚迪,2.21646E+18
2594,比亚迪,irm2774592,2026/3/5 19:10,你可以把充电桩布置在中国石油中国石化加油站，跟他们合作，互利双赢,尊敬的投资者，您好！公司以开放的姿态探索商业合作模式，全国现有的充电网络运营商不仅不是竞品，反而被公司视为推行闪充战略“最坚实的基座”。通过与这些现有场站直接合作建设“闪充站中站”，比亚迪站在行业的肩膀上借力发展，让闪充站能够服务更多车主：一线城市保持3公里服务半径，用户大概5分钟可达；二、三线城市5公里布局，满足通勤需求；四、五线城市则以6公里间距，适配更庞大的消费市场。感谢您对公司的关注！,比亚迪,2.21597E+18
2594,比亚迪,irm3162427,2026/3/24 21:34,贵公司是否可以考虑加强与紫光展锐的合作，通过深度合作定制低端5G芯片（紫光展锐是世界上少数几个可以自研5G基带的公司），这样做既可以提高技术力又可以降低SOC采购成本（中芯国际代工），从而增厚贵公司在第三世界不发达市场的护城河。况且，紫光展锐处于IPO前期，贵公司能提供的市占率的提升正是紫光展锐所迫切需要的，合作应该容易以优惠条件达成,尊敬的投资者，您好！感谢您对公司的关注！,比亚迪,2.23015E+18
2594,比亚迪,irm2293573,2026/3/16 13:35,现有车型除了方程豹都乏善可陈，用鲨鱼皮卡的前脸做一个硬派的SUV，这款车型不香吗？,尊敬的投资者，您好！感谢您对公司车型设计相关的建议！,比亚迪,2.22396E+18
2594,比亚迪,irm1364795,2026/3/16 10:22,关于加强风险防范的提醒和建议（3）：为此，建议比亚迪：1）加强技术保密和核心人才保护工作。2）现阶段仍应以进一步提高国内产品市占率为发展的重中之重，控制好海外市场营销宣传和投资建厂的节奏和力度，比如对在美欧日具有强大影响力的地区的产品营销和投资建厂要克制，对参与F1赛事等需要投入重金的项目要慎之又慎。3）目前比亚迪海外市场的拓展似乎有点过于顺利了，事出反常必有幺，比亚迪在这种时候更应该保持清醒。,尊敬的投资者，您好！感谢您对公司的关注及建议！,比亚迪,2.22386E+18
2594,比亚迪,irm1364795,2026/3/16 10:16,关于加强风险防范的提醒和建议（2）：为应对比亚迪的威胁和挑战，这些利益集团一方面会通过加紧研究、学习、模仿甚至偷窃比亚迪的技术来追赶比亚迪，另一方面也会利用比亚迪当下急于拓展海外市场的心理，想方设法设计出各种法律的、财务的、营销的、投资的诱耳和陷阱，达到损害、甚至搞垮比亚迪的目的。,尊敬的投资者，您好！感谢您对公司的关注及建议！,比亚迪,2.22386E+18
2594,比亚迪,irm1364795,2026/3/16 10:11,关于加强风险防范的提醒和建议（1）：比亚迪闪充的全面落地铺开，虽然给比亚迪带来了空前的竞争优势和发展空间，但也让比亚迪处于比以往任何时候更危险的境地，因为它对全球太多经济、政治利益集团的核心利益构成了潜在巨大威胁。这些利益集团，尤其是以燃油车为经济支柱的欧美日绝不会坐视比亚迪迅速壮大，抢走它们在全球的市场和利润，导致通用、大众、丰田、BBA等一众车企破产倒闭，并造成本国大量失业。,尊敬的投资者，您好！感谢您对公司的关注！,比亚迪,2.22386E+18
2594,比亚迪,irm3216613,2026/3/16 5:25,"尊敬的王董：
向您提出一项核心战略建议：将全国高密度闪充基础设施网络，提升至集团最高战略优先级，其重要性远高于车型研发与参数竞争，以此换道领跑，奠定比亚迪未来数十年的绝对龙头地位。
建议比亚迪以统一、极具辨识度的视觉标识，在全国城乡、高速、区县全面铺开闪充站，实现高密集覆盖，让比亚迪闪充站如同中石油、中石化加油站一样随处可见、深入人心。抢占用户心智与销售制高点.20万不够，加大力度抢占先机。",尊敬的投资者，您好！感谢您对公司的战略的认可！,比亚迪,2.22371E+18
2594,比亚迪,irm3183810,2026/3/14 16:18,董秘你好，贵公司的电池做的这么好，有没有想过增加一下充电宝业务？现在充电宝行业参差不齐，选择困难，目前都在搞国家标准和溯源标准，贵公司的电池这么安全，高效！直接增加一个充电宝业务这个蓝海市场，我想大有可为。,您好！公司一直秉承用技术创新，满足人们对美好生活的向往，持续关注消费者的需求，并适时推出符合需求的产品。感谢您对公司的关注及建议！,比亚迪,2.22256E+18
2594,比亚迪,irm3113828,2026/3/14 13:00,董秘您好。建议公司在抖音等平台推出一个技术解析直播间，每周或定期直播讲解公司的各类技术和知识，以此为契机，迎合公司以技术为主的战略。,尊敬的投资者，您好！您的建议已经收到。在此向您分享，比亚迪股东星球微信小程序已经上线，我们清醒地看到，仅依靠财报数字、公告文本与有限的沟通窗口，很难完整呈现一家长期主义企业的判断逻辑与内在节奏。因此，我们希望通过“股东星球”平台，与各位股东建立一种更加稳定、连续透明的互动方式。也请您关注后续公司各官方信息渠道的信息。感谢您对公司的关注！,比亚迪,2.22246E+18
2594,比亚迪,irm1175423,2026/3/12 21:34,看见有人说腾势车标不好看，我专门下载了一个互动易。我想说的是腾势车标很好看！我很喜欢！有新闻提到公司准备进军F1，是真的吗？希望早上看到F1有BYD车队！,尊敬的投资者，您好！感谢您对腾势车标的认可。也在此向您分享，比亚迪股东星球微信小程序已经上线，我们清醒地看到，仅依靠财报数字、公告文本与有限的沟通窗口，很难完整呈现一家长期主义企业的判断逻辑与内在节奏。因此，我们希望通过“股东星球”平台，与各位股东建立一种更加稳定、连续透明的互动方式。也请您关注后续公司各官方信息渠道的信息！,比亚迪,2.22124E+18
2594,比亚迪,cninfo624403,2026/3/12 20:26,亲爱的董秘您好，请问咱们比亚迪今年计划大规模铺开闪充电站？这个电站是需要用到储能系统是吗？然后这个储能它那个散热是怎么解决的呀？因为这个东西是冬天发布的，到了夏天都没有测试过呀，夏天温度那么高。去年公司和另外一家做光伏边框的龙头公司签了战略合作，是该公司的液冷散热技术吗？,尊敬的投资者，您好！公司在储能领域有丰富的业务经验，依托全球领先的电池研发制造技术和强大的创新能力，产品涵盖电源侧、电网侧、工商业、闪充及家庭储能等应用领域。感谢您对公司的关注！,比亚迪,2.22121E+18
2594,比亚迪,cninfo1370714,2026/3/12 19:38,董秘您好，2024年新车主：427.21万辆，2025年新车主：460.24万辆。未来可否考虑推出面向老车主的「付费更换第二代刀片电池整包」的服务。,尊敬的投资者，您好！您的建议已经收到，也感谢您长期的支持！公司的闪充桩支持两把充电枪同时闪充，其中一把为闪充车型专属，另外一把充电枪则是对社会开放，所有品牌车型均能使用。,比亚迪,2.22118E+18
2594,比亚迪,irm2774592,2026/3/12 8:59,目前石油飙涨，可见在新能源替代方面，你们还有很大很大的空间，直到替代石油,尊敬的投资者，您好！公司以创新为核心驱动力，持续不断地推出一系列具有原创性、颠覆性的技术和产品，坚定不移地推动全球绿色可持续发展，致力于在解决社会问题的过程中发展自己。感谢您对公司的认可！,比亚迪,2.22085E+18
2594,比亚迪,irm3205356,2026/3/11 21:47,2.你们现在在视频号上有比亚迪汽车、比亚迪、各品牌事业部官号经理号研究院院长号、品牌公关部经理号，但没有形成合力，建议你们负责品宣和新媒体宣传的同事认真思考一下可以怎么做。新媒体传播，尤其是视频的传播对于舆论非常重要，要快速积累粉丝数，视频平台上发动态很容易看不到，发视频才有传播，发视频时可以联合账号发布，增加视频投流，有的平台适合长视频，有的适合短视频，需要你们多把握不同平台的特点。,尊敬的投资者，您好！您的建议已经收到！感谢您对公司的关注！,比亚迪,2.22051E+18
2594,比亚迪,irm3205356,2026/3/11 21:40,1.股东星球小程序做得很精致，十分认可你们的工作，头两期视频做得很好，建议你们和新媒体部门的同事协调一下，能否在新媒体视频平台也开设账号，起码把长访谈视频、股东活动视频放上，这样对你们的传播、增加股东数量和股民的认可会很有好处。建议你们考虑一下，尤其是展现你们投关的活动特点。甚至以后机构访谈、机构调研，如允许也可以放视频，这样展现和股民沟通的一面。,尊敬的投资者，您好！感谢您对公司工作的认可及建议。后续也请关注更多内容的展示！,比亚迪,2.2205E+18
2594,比亚迪,irm2731959,2026/3/11 20:01,发现一些闪充桩未显示在闪充app上，建议app上线在建或暂未开放使用的闪充桩，并注明即将开通。让用户心里有底，减少潜在客户闪充桩焦虑。,尊敬的投资者，您好！您的建议已经收到，感谢您对公司的关注及支持！,比亚迪,2.22045E+18
2594,比亚迪,irm2883298,2026/3/11 19:13,"“闪充中国”的战略非常高明，坚定了持股信心！
但资本市场的推介绝不可荒废，快1个月无机构来调研了。要从国家能源战略（平急两用等），油电优势（不要只在新能源车内卷了），竞争力的领先、深厚护城河（宁德及其他车企等半年内都无法跟的），电池与储能版块规模（目前市值中造车的贡献几乎为0）等方面向研究员介绍清楚。
同时改进品宣、外观等薄弱环节，并做好智能化下半场（日均1.6亿公里）提升储备！",尊敬的投资者，您好！感谢您对公司的建议！在此向您分享，比亚迪股东星球微信小程序已经上线，我们清醒地看到，仅依靠财报数字、公告文本与有限的沟通窗口，很难完整呈现一家长期主义企业的判断逻辑与内在节奏。因此，我们希望通过“股东星球”平台，与各位股东建立一种更加稳定、连续透明的互动方式。也请您关注后续公司各官方信息渠道的信息。,比亚迪,2.22043E+18
2594,比亚迪,irm1690266,2026/3/11 18:24,"公司已启动“闪充中国”战略，计划于二零二六年底前在全国建成总计20,000座闪充站。其中包括18,000座与运营商合作的城区“站中站”，旨在实现城区90%区域5公里内覆盖；以及2,000座“高速站”，覆盖近三分之一高速服务区，平均间隔约100公里。请问上述充电设施能否兼容其他品牌新能源充电车进行普通速度的充电？",尊敬的投资者，您好！您的问题非常关键。作为一项重大的基础设施投资，提升设备的综合利用率是实现商业价值的关键。闪充桩支持两把充电枪同时闪充，其中一把为闪充车型专属，另外一把充电枪则是对社会开放，所有品牌车型均能使用。感谢您对公司关注！,比亚迪,2.2204E+18
2594,比亚迪,irm2774592,2026/3/11 16:39,比亚迪颠覆技术发布会扭转了股价长期的颓势，请问你们在中央号召的量子科技、生物制造、氢能和核聚变能、脑机接口、具身智能、以及第六代移动通信（6G）六大产业，有什么应对的吗？,您好！公司始终秉持用技术创新，满足人们对美好生活的向往，持续深耕消费者核心需求，适时推出兼具市场竞争力与用户价值的产品及技术方案。后续相关动态，敬请关注公司官方发布的权威信息。您的类似建议我们已经充分了解，感谢您对公司的关注与支持！,比亚迪,2.22035E+18
2594,比亚迪,cninfo1369661,2026/3/26 13:48,中东地区的不确定性对汽车的销售影响有多大,,,2.23139E+18
2594,比亚迪,cninfo1369661,2026/3/26 13:46,2025年的营销及利润的增长幅度,,,2.23139E+18
2594,比亚迪,cninfo1356653,2026/3/24 17:27,媒体报道公司二代刀片电池采用了硅碳负极材料，这是硅碳负极电池的体积膨胀和循环寿命问题都解决了吗？,,,2.23002E+18
2594,比亚迪,irm2695919,2026/3/20 10:39,比亚迪公司作为国内乃至国际知名头部电池企业，与宁德时代对比市值实在是差距过大，希望贵司能学习宁德时代市值管理经验，把公司做大做强，不负投资者的青睐。,,,2.22684E+18
2594,比亚迪,irm1411379,2026/3/24 12:18,董秘老师你好，最近都在传言公司4月份会举办智驾发布会，力度比肩3月的电池发布会，并且会加大智能驾驶兜底范围，并且有自研芯片、全价位激光雷达、世界模型算法。这个消息属实吗?有没有可以透露的?谢谢,,,2.22986E+18
2594,比亚迪,irm1411379,2026/3/24 12:20,董秘老师你好，市场传闻，公司新的车型中会采用千线以上的激光雷达，超越华为的896线，请问是否属实？谢谢,,,2.22986E+18
2594,比亚迪,irm1411379,2026/3/24 12:15,董秘老师你好，最近都在传言公司4月份会举办智驾发布会，力度比肩3月的电池发布会，并且会加大智能驾驶兜底氛围，并且有自研芯片、全价位激光雷达、世界模型算法。这个消息属实吗？有没有可以透露的？谢谢,,,2.22986E+18
2594,比亚迪,irm2774592,2026/3/23 17:09,网上说比亚迪在4月将举办一场全新的智驾技术发布会，核心看点预计有：自研芯片、全价位激光雷达、世界模型算法。这个消息属实吗？,,,2.22927E+18
2594,比亚迪,irm2774592,2026/3/23 15:20,中东问题导致油价大涨，比亚迪电车在国内目前销售火爆吗？与前段时间比较,,,2.22921E+18
2594,比亚迪,irm2774592,2026/3/22 17:52,"过去用国外专利，我们付钱。现在可以转为让他们德国，欧盟
美国，澳洲汽车公司用比亚迪技术，你们收费！",,,2.22855E+18
2594,比亚迪,irm2774592,2026/3/22 17:15,比亚迪在澳洲等地火爆销售，请问你能介绍一下具体情况吗？,,,2.22853E+18
2594,比亚迪,irm1895512,2026/3/21 21:25,钛7负责人熊总25年10月份曾公开发视频承诺10月31日前签购车协议购买钛7顶配就送pad，现在自媒体有不少帖子反映到现在不发放pad兑换券，其中原因有改了颜色，改了提车人，等等，我也一样，我的情况是31日前把2驱改成4驱ultra。我想问难道31号改动成顶配就不符合资格吗？熊总在视频里没有任何附加条件，多次给关方客户电话给不出答复。,,,2.22792E+18
2594,比亚迪,irm1461965,2026/3/20 13:07,电池级聚乙二醇近期涨价近一倍，请问公司聚乙二醇供货商比如奥克股份供货稳价还是市价吗？,,,2.22692E+18
2594,比亚迪,irm2774592,2026/3/20 12:21,新浪报道比亚迪在亚洲热卖：中东战事推高油价 增强电动汽车吸引力。请问欧洲或者中东那边有无火爆的行情？,,,2.22689E+18
2594,比亚迪,irm2774592,2026/3/19 18:50,参加拉力赛展现新实力,,,2.22635E+18
2594,比亚迪,irm2898741,2026/3/20 0:04,董秘老师好，请问比亚迪未来有以智能汽车为平台开发具身智能和类脑智能（多脑区）与智能体通信协议标准的计划吗？,,,2.22651E+18
2594,比亚迪,irm1987636,2026/3/19 22:04,你好，根据公开信息及市场调研获悉，贵公司在企业治理方面呈现出明显的两级分化现象。即各事业部已逐步达到现代企业管理的各项要求，但在人力资源及后勤等板块长期被公司创始人大量亲属占据各关键岗位，呈现出一种管理固化及倒退现象。请问，对此后续可有相关改进预案？,,,2.22645E+18
2594,比亚迪,irm1987636,2026/3/19 22:05,你好，根据公开信息，贵公司主管后勤的副总裁王传方2024年薪酬为705.4万，显著高于同时期长城汽车董事长魏建军的568.56万，也高于上汽集团董事长王晓秋的237.76万，也高于赛力斯董事长张正萍的201.42万，请问，在当下汽车行业如此内卷的大背景下，这位后勤处总经理的薪酬是否合理？,,,2.22645E+18
2594,比亚迪,irm1987636,2026/3/19 22:04,你好，投资研究账号AJ Investment Research（@alojoh）在马斯克旗下社交媒体发文表示比亚迪当前产能利用率不足50%，对此马斯克也评论道“mega pain below 50%”，请予以澄清或评论，谢谢。,,,2.22645E+18
2594,比亚迪,irm2695919,2026/3/19 14:49,为什么和英伟达的合作也不公布具体信息？你们投关部整天在干什么,,,2.22623E+18
2594,比亚迪,cninfo650712,2026/3/19 9:58,今年被称为两轮电动助力自行车和电动摩托车的纳电池元年，纳电池会替代铅酸电池大量普及，比亚迪作为电池龙头企业为什么没有看到相关进展与消息，有没有和国内相关头部企业如雅迪，爱玛，小牛，九号等等进行合作啊,,,2.22608E+18
2594,比亚迪,irm2774592,2026/3/18 17:40,接下来你们是智能化为主了吧？智能驾驶，智能座舱？,,,2.22557E+18
2594,比亚迪,irm2774592,2026/3/18 8:45,利用储能优势，扩大储能业绩,,,2.2253E+18
2594,比亚迪,irm2774592,2026/3/18 8:44,你们储能很牛，却几乎没啥业绩提升，问题在哪？,,,2.2253E+18
2594,比亚迪,irm2695919,2026/3/18 10:42,比亚迪公司董秘你好，目前在各大平台关注到贵司投资者不遗余力地支持比亚迪公司，在比亚迪公司被黑的时候维护比亚迪公司形象，希望贵司能做好市值管理，回馈广大投资者厚爱。,,,2.22536E+18
2594,比亚迪,irm3221394,2026/3/17 21:27,董秘你好，请问下比亚迪闪冲技术是否适用于各类乘用车的电池充电,,,2.22495E+18
2594,比亚迪,irm1615846,2026/3/17 18:51,公司的第二代刀片电池是否用磷酸锰铁锂？谢谢！,,,2.22487E+18
2594,比亚迪,irm2774592,2026/3/17 16:27,欧洲急需储能，你们最近有无着手扩大欧盟市场？我是说最近,,,2.22479E+18
2594,比亚迪,irm1335866,2026/3/17 15:17,你好，请问公司最新发布的二代刀片电池需要添加补锂剂吗？添加比例大概是多少呢？,,,2.22476E+18
2594,比亚迪,irm2695919,2026/3/17 11:07,董秘你好，请问贵司四月份有智驾发布会吗？,,,2.22463E+18
2594,比亚迪,irm2883298,2026/3/16 11:06,"两点建议：
1、	综合零散信息，公司外供动力及储能电池年销售应该大几百亿，含内供全电池应超千亿，但因信披及资本市场推介问题，导致很多主题ETF未配置，这块做好增量资金应是百亿级别，年报披露时要充分考虑；
2、	如五一闪充铺设及车型销售顺利开展，届时可能出现有些黑子通过“挤兑式”闪充来说充电时间很长体验不好，这块要提前筹划做好应对预案。",,,2.22389E+18
2594,比亚迪,irm1240043,2026/3/15 13:09,請問，貴司比亞迪電子是否有閃充相關業務？謝謝,,,2.22321E+18
2594,比亚迪,irm1442097,2026/3/14 9:00,尊敬的董秘，公司最近推出的9分钟充满的闪充技术，有计划成套对外销售给其他汽车公司使用吗，使其他品牌汽车也能达到9分钟充满，这样公司光卖电池 闪充站的收入都非常高了,,,2.22234E+18
2594,比亚迪,irm2695919,2026/3/13 11:04,董秘你好，比亚迪目前和加拿大接触频繁，请问公司是否有通过加拿大转口进入美国市场的预期？,,,2.22166E+18
2594,比亚迪,cninfo1370466,2026/3/12 17:34,董秘你好，公司最近发布的二代刀片电池和兆瓦闪充技术确实很惊艳。针对兆瓦闪充的储能柜有几个问题想请教。第一，针对兆瓦闪充高频次，兆瓦级功率的吞吐，其设计寿命是否能达到常规储能的10000次水平？如果没有，请问具体设计寿命是多少？第二，质保标准，正对兆瓦闪充储能柜，质保条款是如何设定的，比如质保年限，循环次数，容量保持率低于多少可以免费更换？期待你的详细回复，谢谢！,,,2.22112E+18
2594,比亚迪,cninfo1226082,2026/3/12 11:13,董秘您好，公司轨道交通业务连年亏损烧钱做研发，而且用高倍基金杠杆撬动项目。在国内政策重重设限的背景下，发展存在诸多不确定性。请问公司将如何改变现状，预计该业务何时才能实现盈亏平衡，并实现规模化盈利？最重要的契机是什么？,,,2.22092E+18
2594,比亚迪,irm2695919,2026/3/12 10:18,闪充桩和各大省份高速集团的合作为何不公开公示？,,,2.22089E+18
2594,比亚迪,cninfo1368250,2026/3/12 1:48,"董秘您好！公司动力电池内部配套高达80%，外供能力与市场拓展不足。在新能源汽车竞争加剧、机器人与无人机产业爆发背景下，请问公司：
 
1.?是否有明确举措大幅提升外供比例，降低对内部配套依赖？
?
2.?机器人及无人机储能业务是否已有成熟产品与客户拓展计划？
?
3.?上述业务如何真正落地形成规模化利润，提升公司估值？
盼正面回复，谢谢！",,,2.22063E+18
2594,比亚迪,irm2261033,2026/3/7 14:36,董秘您好。作为一款中高端车的定位，腾势目前的车标却难以体现高级感。建议将车标更换为另一种。谢谢,尊敬的投资者，您好！衷心感谢您对公司的关注与宝贵建议！公司未来将持续聆听市场声音，审慎吸纳各类有价值的建言，以赋能公司核心能力提升与高质量发展。,比亚迪,2.21731E+18
2594,比亚迪,cninfo1367780,2026/3/8 13:37,建议比亚迪公司在每个城市，每个区县建一个闪充站，以迅速普及闪充技术。,"尊敬的投资者，您好！公司已启动“闪充中国”战略，计划于二零二六年底前在全国建成总计20,000座闪充站。其中包括18,000座与运营商合作的城区“站中站”，旨在实现城区90%区域5公里内覆盖；以及2,000座“高速站”，覆盖近三分之一高速服务区，平均间隔约100公里。感谢您对公司的关注！",比亚迪,2.21803E+18
2594,比亚迪,irm2774592,2026/3/9 12:58,我知道你说过很多次比亚迪储能，关键是要扩大储能在整个收入中的比重，，还有让汽车也能放电，作为移动的储能,尊敬的投资者，您好！相关信息已在您此前相似的提问下进行回复，您的建议及心情也已充分传递，感谢您对公司的关注及建议！,比亚迪,2.21875E+18
2594,比亚迪,irm1108510,2026/3/11 15:18,请问比亚迪是否有研发钠电池的计划？公司是怎么看待钠电池的？比亚迪是否会将钠电池作为未来发展的一个方向？,您好！比亚迪一直秉承用技术创新，满足人们对美好生活的向往，持续关注消费者的需求，并适时推出符合消费者需求的技术及产品。感谢您对公司的关注！,比亚迪,2.2203E+18
2594,比亚迪,irm1977067,2026/3/11 15:12,董秘你好，能否介绍一下公司有储能电源业务吗，欧洲能源危机对储能需求加大，请问公司在欧洲美国有储能业务吗谢谢。,尊敬的投资者，您好！比亚迪储能始于2008年，专注于储能系统及设备的技术研发和推广应用；已形成集储能产品研发、制造、销售、服务、回收利用于一体的完整产业链，产品全面覆盖电源侧储能、电网侧储能、工商业储能、家庭储能等应用领域。依托全球领先的电池研发制造技术和强大的创新能力，比亚迪储能已为国内外数百个储能项目提供安全可靠的储能系统解决方案，新能源产品远销全球6大洲，包括中国、美国、英国、德国、法国、瑞士、意大利、澳大利亚、南非、智利、沙特等超过110个国家和地区。感谢您对公司的关注！,比亚迪,2.2203E+18
2594,比亚迪,irm2729240,2026/3/10 13:09,请问，贵公司是否已量产可变磁通量电机？如果已量产，用于哪些车型？,您好！比亚迪一直秉承用技术创新，满足人们对美好生活的向往，持续关注消费者的需求，并适时推出符合消费者需求的技术及产品。感谢您对公司的关注！,比亚迪,2.2195E+18
2594,比亚迪,irm2774592,2026/3/10 16:48,多设计几款跑车造型，颜值很重要，尤其是确实能利用空气动力学的，大卖特卖,尊敬的投资者，您好！感谢您对公司的建议！,比亚迪,2.21961E+18
2594,比亚迪,irm2774592,2026/3/10 18:11,你们智能化侧重哪些方向？,尊敬的投资者，您好！公司发布「全民智驾」战略，以「天神之眼」技术矩阵构建起差异化技术体系，适配旗下不同品牌及价位车型，践行“好技术，就应该人人可享”的理念。公司也是首个提出「智能泊车兜底承诺」的车企，在中国市场为所有搭载「天神之眼」的车辆提供智能泊车场景下的安全及损失全面兜底，体现公司对安全的重视。感谢您对公司的关注！,比亚迪,2.21965E+18
2594,比亚迪,irm2695919,2026/3/2 9:12,“股东星球”app设立了，原以为是给投资者发声渠道，可没有任何可发声窗口，你们设立它的意义是什么？,尊敬的投资者您好，“比亚迪股东星球”设立的初衷便是成为一个开放、理性、平等的交流空间，让长期价值理念被更充分地理解，也被更耐心地讨论。目前“股东星球”小程序还处于公测期，社区功能及股东建言近期将上线，更多板块和功能也正在开发中。通过“股东星球”这个平台，我们希望做一名“懂沟通、有温度、守秩序”的“理工男”：既要保持深耕技术、务实笃行的底色，也要更加的主动发声、传递价值，用大家听得懂的语言讲好比亚迪的科技实力，用更真切的内容与活动提供情绪价值，用脚踏实地的耕耘与实实在在的成果，来回馈各位股东和消费者的厚爱，感谢您的支持与建议！,比亚迪,2.21344E+18
2594,比亚迪,irm3174736,2026/3/2 13:41,董秘好！公司在帮助链上企业提升研发能力、降低创新成本方面，有哪些具体政策或实际举措？是否有相关合作模式或典型案例可以介绍？,尊敬的投资者，您好！相关信息已在您此前相似的提问下进行回复，感谢您对公司的关注！,比亚迪,2.21358E+18
2594,比亚迪,irm3174736,2026/3/2 13:51,董秘好！比亚迪带动链上企业创新取得了哪些实际效果？未来比亚迪在进一步发挥链主作用、推动全产业链协同创新方面，有哪些规划或重点方向？,尊敬的投资者，您好！供应链的质量、 韧性和可持续性对企业的生产经营至关重要。 公司践行供应商的全生命周期管理， 注重对供应商在环境、 社会风险等方面的审核， 同时为供应商提供支持和赋能， 致力构建责任供应链， 共促产业链生态繁荣。2024年1月， 我们给供应商开展“比亚迪供应商品质管理要求”培训。 我们采用邀请供应商到集团进行集中培训和SQE工程师出差进行现场培训两种方式进行开展， 培训内容涵盖质量数字化管理、 快速响应、 二级供方管理、 高端车型管理和海外资源配备等， 详细讲述集团品质目标和管理要求， 提升供应商对质量管理的认识和技能。 此次培训累计覆盖 736 家供应商。感谢您对公司的关注！,比亚迪,2.21358E+18
2594,比亚迪,irm1739530,2026/3/9 16:39,请问贵公司截止2月底股东人数是多少？,,,2.21886E+18
2594,比亚迪,irm1512074,2026/3/6 14:44,您好，请问截止到3月，比亚迪a股的股东户数是多少？,,,2.21658E+18
2594,比亚迪,cninfo1352287,2026/3/2 20:01,截止26年3月2号，公司股东户数,,,2.21377E+18
2594,比亚迪,irm1691891,2026/3/11 2:37,有传言贵公司要组建或收购车队参加F1或勒芒比赛，是否属实？,,,2.21991E+18
2594,比亚迪,irm1436394,2026/3/10 20:32,"请问公司截止目前，二代刀片的产能每个月大概有多少？能不能满足后面的订单需求？

没有上二代刀片的车型，很多是销量较高的，这种情况会不会造成的产能利用率很低，公司准备怎么应对？",,,2.21972E+18
2594,比亚迪,irm2695919,2026/3/11 9:25,董秘你好，比亚迪公司近一年来被很多投资机构所摒弃，请问公司面对此种情况是否有措施来维护二级市场以及流失的投资机构。,,,2.22012E+18
2594,比亚迪,irm2695919,2026/3/11 9:23,董秘你好，请问比亚迪公司二代刀片电池是否外供？,,,2.22012E+18
2594,比亚迪,irm1739530,2026/3/9 15:29,你好，请问比亚迪A股截止2月底，股东人数是多少？,尊敬的投资者，您好！相关信息已在您此前相似的提问下进行回复，感谢您对公司的关注！,比亚迪,2.21883E+18
2594,比亚迪,irm1620741,2026/3/10 13:37,请公司本年度适当提高利润分配比例，实实在在的提高现金分红。另外恳请王传福董事长能够适当增持公司股份，强化股东信心！,尊敬的投资者，您好！衷心感谢您对公司的关注与宝贵建议！公司未来将持续聆听市场声音，审慎吸纳各类有价值的建言，以赋能公司核心能力提升与高质量发展。,比亚迪,2.21951E+18
2594,比亚迪,irm2261033,2026/3/6 18:38,董秘你好。我注意到目前全国各地已经建设了不少闪充站和小型闪充点。但绝大部分闪充点都缺乏显著的标识和logo。建议你们要像加油站一样，每个闪充点都要有醒目的标识，让人能一眼就看出来是比亚迪的产品。要知道每个过来充电的车主，都有可能是比亚迪的未来客户，比亚迪需要做的，是强化比亚迪的品牌印象。对小型闪充点，也要有醒目的招牌进行宣传。,尊敬的投资者，您好！衷心感谢您对公司关于闪充站建设的关注与宝贵建议！公司未来将持续聆听市场声音，审慎吸纳各类有价值的建言，以赋能公司核心能力提升与高质量发展。,比亚迪,2.2167E+18
2594,比亚迪,irm1512074,2026/3/6 16:59,您好，一直认为公司在品牌建设和品牌形象维护做的不够好。1、汉不应该持续大幅降价销售，毁掉了汉在中高端车的口碑和认知，保值率大幅下降也让很多老车主也十分心痛。2、海豹是一款很帅气的中高端车型，但是海豹06、07这些低价车型推出之后，直接拉低了海豹的定位，对海豹的销量也影响很大。希望公司做好产品的同时加强品牌建设，不要自贬身价。,尊敬的投资者，您好！感谢您对公司的关注及建议！,比亚迪,2.21665E+18
2594,比亚迪,irm1691891,2026/3/6 0:42,目前车销量大多由技术和性价比产生。技术和成本上的优势掩盖了外观、内饰、颜色设计上的不足，若迟迟未再有惊艳之作，贵公司如何对设计团队优胜劣汰？,尊敬的投资者，您好！感谢您的关注与宝贵建议。公司持续以技术与设计双轮驱动，打造兼具颜值与实力的产品，回馈广大投资者与消费者的期待。在外观设计上也充分吸取多方建议，未来也请关注公司新产品发布，具体外观细节、配置参数、上市时间及定价，均将通过公司官方渠道（发布会、官网、官方公众号等）正式发布。敬请期待！,比亚迪,2.21614E+18
2594,比亚迪,cninfo1370470,2026/3/5 22:12,"尊敬的比亚迪董事会、股东大会：
建议公司2025年度利润分配方案中适度送股。送股可降低单股价格，减少散户入场门槛，当前一手近万元，普通投资者参与难度较大。低价股更利于提升股票流动性，扩大股东基础，让更多中小投资者分享公司发展成果。恳请公司在制定方案前，充分听取中小股东及潜在投资者意见，兼顾长期发展与中小股东利益，优化股价结构，提升市场活跃度，助力公司长期稳健发展。",尊敬的投资者，您好！本集团已通过《2024年度利润分配及资本公积金转增股本方案》，向全体股东每10股派发现金红利人民币39.74元（含税），每10股送红股8股，以资本公积金每10股转增12股，与股东共享发展成果，并有效降低投资门槛，提升股票流动性。此外，公司“比亚迪股东星球”小程序也已上线，欢迎您访问、登陆、认证。感谢您对公司的关注及建议！,比亚迪,2.21607E+18
2594,比亚迪,irm2644107,2026/3/5 9:54,请问公司第二代刀片电池有没有用芳纶涂敷隔膜？,尊敬的投资者，您好！相关信息已在您此前相似的提问下进行回复，感谢您对公司的关注！,比亚迪,2.21568E+18
2594,比亚迪,irm2644107,2026/3/4 23:07,比亚迪第二代刀片电池有没有用到泰和新材公司的芳纶涂敷隔膜技术？,尊敬的投资者，您好！公司的供应链合作及相关技术参数，属于商业保密范畴，请咨询相关公开信息。,比亚迪,2.21535E+18
2594,比亚迪,irm2774592,2026/3/4 11:39,可以在汽车上设计其他的电力输出的接口，以电池作为能源中心，可进可出，汽车电池不再是唯一为车辆提供动力,尊敬的投资者，您好！公司包括海鸥在内的众多车型搭载“VTOL移动电站”功能，可实现对外放电。具体配置细节也欢迎您访问公司官网或莅临公司各品牌终端门店进行了解。感谢您对公司的关注！,比亚迪,2.215E+18
2594,比亚迪,irm1691891,2026/3/3 19:19,拓宽思维，摒弃传统卖货思路。进军电子消费移动终端，构建系统生态，打磨车机互联系统。发挥制造优势，发展新能源发电移动终端，建设算力中心，发展AI人工智能，扩大三电动力系统向船舶、航空、工程机械、外骨骼装甲等领域应用,尊敬的投资者，您好！感谢您对公司的关注及建议！,比亚迪,2.21449E+18
2594,比亚迪,irm3174736,2026/3/2 13:50,比亚迪过去以高度的垂直整合著称，但近年来也通过弗迪系子公司对外供应动力电池，同时引入外部供应商。在这种“既竞争又合作”的复杂关系下，比亚迪作为链主，如何平衡内部事业部与外部供应链企业的创新利益？ 通过什么样的治理机制来确保整个产业链的技术活力而非闭门造车？,尊敬的投资者，您好！感谢您的关注。公司坚持技术创新，并以开放的心态与客户实现合作共赢，共同推动产业发展。供应链方面坚持自主可控与开放协同并重，对内激发活力，对外开放合作，以透明、市场化机制保障整个产业链的技术竞争力，实现共赢发展。相关信息请以官方发布为准。,比亚迪,2.21358E+18
2594,比亚迪,cninfo1331239,2026/3/2 11:37,要把有能力进粉蓝色的闪充站当成时尚、未来、身份标识来宣传，视频、文案、大屏铺天盖地，全年龄覆盖！！！,尊敬的投资者，您好！感谢您对公司的关注及建议！,比亚迪,2.21351E+18
2594,比亚迪,irm1691891,2026/3/1 15:26,几十万股东，每年上百万新增车主，都是宝贵的用户资源，要开拓思维，从方便车友社交、出行、拉新等方面着手，提供社交软件、顺风互助平台，车主、股东免佣金，挖掘新的利润增长点，通过自有社交渠道节省营销成本,尊敬的投资者，您好！感谢您的宝贵建议。公司高度重视股东与车主这一核心用户群体，已上线比亚迪股东星球小程序，持续完善股东与车主专属生态。我们将积极探索股东与车主专属优惠、高效转化与低成本营销机制，不断挖掘生态价值，提升用户体验与长期回报。相关进展请以官方信息为准，感谢您的关注与支持！,比亚迪,2.21289E+18
2594,比亚迪,irm3174736,2026/3/1 21:26,比亚迪拥有庞大的‘技术鱼塘’和超12万名研发工程师。在新技术从实验室走向量产的过程中，比亚迪通常会提前多长时间、以何种形式引入关键上下游供应商进行协同开发？ 对于不同层级的供应商，这种技术带动的机制有何不同？,尊敬的投资者，您好！公司将根据技术发展的实际需求，适时引入供应商配合，持续以技术创新为牵引，打造安全、高效、共赢的供应链生态，相关信息请以官方发布为准。感谢您的关注。,比亚迪,2.21307E+18
2594,比亚迪,irm2774592,2026/3/1 13:52,打造一个爆款，外观炫酷，改变这几年对比亚迪的刻板印象,尊敬的投资者，您好！感谢您的关注与宝贵建议。针对您关注的新车发布事宜，公司正按既定节奏推进多款车型的筹备与发布工作。公司亦发布第二代刀片电池及闪充技术，持续以技术与设计双轮驱动，打造兼具颜值与实力的产品，回馈广大投资者与消费者的期待。新车的具体外观细节、配置参数、上市时间及定价，均将通过公司官方渠道（发布会、官网、官方公众号等）正式发布。敬请期待！,比亚迪,2.21284E+18
2594,比亚迪,irm2774592,2026/3/10 14:28,为何无法大力开拓美国业务？美国比亚迪太少了,,,2.21954E+18
2594,比亚迪,irm1987636,2026/3/10 11:59,你好，投资研究账号AJ Investment Research（@alojoh）在马斯克旗下社交媒体发文表示比亚迪当前产能利用率不足50%，对此马斯克也评论道“mega pain below 50%”，请予以澄清或评论，谢谢。,,,2.21946E+18
2594,比亚迪,irm1987636,2026/3/10 11:37,你好，根据公开信息及市场调研获悉，贵公司在企业治理方面呈现出明显的两级分化现象。即各事业部已逐步达到现代企业管理的各项要求，但在人力资源及后勤等板块长期被公司创始人大量亲属占据各关键岗位，呈现出一种管理固化及倒退现象。请问，对此后续可有相关改进预案？,,,2.21945E+18
2594,比亚迪,irm1987636,2026/3/10 11:36,你好，根据公开信息，贵公司主管后勤的副总裁王传方2024年薪酬为705.4万，显著高于同时期长城汽车董事长魏建军的568.56万，也高于上汽集团董事长王晓秋的237.76万，也高于赛力斯董事长张正萍的201.42万，请问，在当下汽车行业如此内卷的大背景下，这位后勤处总经理的薪酬是否合理？,,,2.21945E+18
2594,比亚迪,irm1540778,2026/3/10 4:02,网上广泛流传的“迪布拉”和“吉布什”是公司海外新的自品牌吗？最近消费者一直广泛热议迪布拉，吉布什。谢谢,,,2.21921E+18
2594,比亚迪,cninfo1352287,2026/3/9 14:37,董秘您好，请问航天科技十一院彩虹YH-1000S无人运输机使用的混动系统是与贵司合作研发的吗，水平对置发动机是贵司研发的吗,,,2.2188E+18
2594,比亚迪,cninfo1370714,2026/3/9 14:25,我是比亚迪的老车主，建议为第一代刀片电池的老车主更新第二代刀片电池，开放官方付费升级通道，支持更换第二代刀片电池与更大容量电池包，实现纯电续航显著提升。维护几百万老车主的口碑，实现全民闪充！谢谢,,,2.21879E+18
2594,比亚迪,cninfo613524,2026/3/8 21:25,董秘，你好。请具体回复下在2026年新车发布的具体规划，及老车款的更新规划。海狮07DMI什么时候出26款，还是准备尘封这款车不在更新。,,,2.21827E+18
2594,比亚迪,irm2872542,2026/3/8 10:48,"公司新推出的“二代刀片电池和全新闪充技术”实乃利国利民之创举，不仅解决了新能源车的难点痛点，更有利于环保和加快完成“双碳”目标。请问：
 现有电池产线是否可以直接生产或经微调便可生产二代刀片电池；
 该新技术除了新车型使用之外，是否可以直接应用于市场存量新能源车型；或者存量新能源车经简单改造后，亦可应用该新技术；
 该新技术新产品是否计划外销与友商“共享”，以快速占领全球市场；
谢谢！",,,2.21794E+18
2594,比亚迪,irm2774592,2026/3/6 17:24,美国伊朗战争，油价上涨，有利于欧洲电车销售吗？,,,2.21666E+18
2594,比亚迪,irm3192169,2026/3/6 16:32,请问公司最新发布的闪冲桩是否有向电网返售电力的能力,,,2.21663E+18
2594,比亚迪,irm3189125,2026/3/6 10:58,从公司 3 月 5 日发布会看出，公司汽车板块业务将从单一的卖汽车，战略转变为车 充电桩 充电服务三条主线发展，公司仅 2026 年就要在全国布局 2 万座以上闪充充电站，销售充电桩和收取源源不断的充电服务费将成为公司稳定的高毛利的收入来源，请问除了自己品牌的车将陆续配置之外，公司是否会向国内广大整车企业开放供应第二代刀片电池和闪充技术？,,,2.21646E+18
2594,比亚迪,irm2695919,2026/3/5 14:39,宁德时代的电池比比亚迪强一倍吗？如若董秘不承认电池性能倍数级强过比亚迪为何市值差逾一倍之多？,,,2.21583E+18
2594,比亚迪,irm2695919,2026/3/6 10:16,现在光是电池业务都能撑得起来目前的市值，那比亚迪的造车业务直接沦为负资产？比亚迪公司就没有针对这个问题做过研究吗？,,,2.21644E+18
2594,比亚迪,irm2774592,2026/3/6 10:11,技术为王，应该带领中国企业包括市值，资本市场壮大，像英伟达一样,,,2.21644E+18
2594,比亚迪,irm2695919,2026/3/6 10:00,事实已经多次证明不受二级市场青睐的技术终归是无用，比亚迪引以为傲的二代电池结果二级市场还是在抛售比亚迪股份股票，与之相反蔚来的换电模式却得到了资金认可使得股价上涨，贵司什么时候才能意识到二级市场才是验证技术是否得到验证的标的？,,,2.21643E+18
2594,比亚迪,irm2786866,2026/3/6 0:40,董秘您好，我是比亚迪股东。请问公司第二代刀片电池车型2026年销量规划如何？其放量将如何带动闪充生态及合作充电运营商的价值重估？,,,2.21614E+18
2594,比亚迪,irm2774592,2026/3/3 19:14,你们可以去乌克兰直接销售储蓄电池，那边电力不稳,,,2.21449E+18
2594,比亚迪,irm1461965,2026/3/4 11:44,公司固态电池中的乙氧基团材料来自哪家公司？技术产能有保证吗？,,,2.215E+18
2594,比亚迪,irm1691891,2026/3/4 19:00,贵公司是如何作出邀请娱乐明星代言的决策？是否有悖于技术为王的企业文化、安全是最大的豪华的企业精神，和比亚迪的工程师之魂？,,,2.21522E+18
2594,比亚迪,irm1326434,2026/3/4 10:00,您好，请问中东事件是否会导致公司的新能源汽车的薄膜电容器的供应出问题？会影响供应链的持续性吗？,,,2.21495E+18
2594,比亚迪,cninfo1369940,2026/3/2 10:36,董秘你好，请问智驾天神之眼c以后还更新么？为什么承诺的记忆领航不兑现？这会不会使股价继续下跌，辜负股民信任？值得继续投资吗？,,,2.21348E+18
2594,比亚迪,irm2774592,2026/2/26 17:30,我觉得机器人是你们最佳的方向，你看特斯拉，总是能抓住风口，,感谢您的建议，公司积极关注具身智能机器人领域， 凭借完善的新能源产业链布局、 领先的技术创新能力和丰富的场景应用经验，积极布局未来产业； 亦通过与业内头部企业达成股权和业务等多维度合作实现资源协同， 从而赋能业务提质增效， 加速培育新业态、 新模式与新动能。,比亚迪,2.21072E+18
2594,比亚迪,irm1617035,2026/2/19 18:01,董秘你好，我是贵司小股东。今年春晚，人形机器人爆火出圈，产业前景看好。比亚迪主营的新能源汽车竞争优势显著，与机器人有广泛通用技术。请问贵司在机器人产业有无现实布局或长远规划？,尊敬的投资人，公司积极关注具身智能机器人领域， 凭借完善的新能源产业链布局、 领先的技术创新能力和丰富的场景应用经验，积极布局未来产业； 亦通过与业内头部企业达成股权和业务等多维度合作实现资源协同， 从而赋能业务提质增效， 加速培育新业态、 新模式与新动能。,比亚迪,2.20555E+18
2594,比亚迪,cninfo1018644,2026/2/11 14:56,请问董秘，公司汽车做得不错。据说有人形机器人布局，现在进展如何？谢谢！,尊敬的投资人，公司积极关注具身智能机器人领域， 凭借完善的新能源产业链布局、 领先的技术创新能力和丰富的场景应用经验，积极布局未来产业； 亦通过与业内头部企业达成股权和业务等多维度合作实现资源协同， 从而赋能业务提质增效， 加速培育新业态、 新模式与新动能。,比亚迪,2.19951E+18
2594,比亚迪,cninfo605105,2026/2/10 23:48,新能源车已经零跑全球，希望公司重视人形机器人领域的产业蓝图，很多车企已经有了产品发布，新时代人形机器人成为新的技术风口，未来大有可能是新的增长点，希望公司不要只执着于汽车领域技术创新，提前布局人形机器人领域，否则在未来将在这一产业严重落后，彻底变成汽车制造商，而非高科技产业企业，这点非常重要！一定不要墨守成规，满足于汽车制造商现状！,尊敬的投资人，比亚迪的发展史，就是不断超越自己的历史。公司积极关注具身智能机器人领域， 凭借完善的新能源产业链布局、 领先的技术创新能力和丰富的场景应用经验，积极布局未来产业； 亦通过与业内头部企业达成股权和业务等多维度合作实现资源协同， 从而赋能业务提质增效， 加速培育新业态、 新模式与新动能。,比亚迪,2.19904E+18
2594,比亚迪,irm2774592,2026/2/28 16:15,你们今年新技术发布会何时举行？全球期待,尊敬的投资者，公司即将于2026年3月5日召开颠覆性技术发布会，在“比亚迪股东星球”微信小程序有开放线下发布会专属抢票通道，欢迎各位股东报名参加。相关技术信息请以官方发布会内容为准，敬请股东审慎决策，注意投资风险。,比亚迪,2.21217E+18
2594,比亚迪,irm2244138,2026/3/2 2:17,截止25年三季度，贵司的储能业务营收占总体营收的比例是多少？这方面的业务体量还有没有在成长？,,,2.21322E+18
2594,比亚迪,irm2695919,2026/2/28 16:58,公司拥有 64万散户股东，这是巨大的基本盘，但也意味着沟通极其复杂。IR的传统方式（调研、公告）无法有效触达和安抚这个庞大群体。当危机来临时，没有建立直接、高效的沟通渠道，导致恐慌在散户中自我强化。公司是否考虑作出实质性的市值管理举措？,,,2.21219E+18
2594,比亚迪,cninfo1331239,2026/3/1 12:50,大量迪粉失望反映天眼5自动泊车功能严重倒退，很多上一版本能够识别的车位无法识别，可自定义的也不行了。本人钛7顶配ota1.31后也同样问题，严重影响客户体验和公司信誉。现在大家都在诟病是前期激进泊车宣传，等销量上来就把泊车策略调保守，免除兜底责任和新车背刺老客换新。请敬畏用户信任，每个版本都要严肃提升并实操考核自动泊车产品的能力，市场和高管不被研发忽悠，用户提供的失能场景正式公司的宝贵数据财富！,,,2.21281E+18
2594,比亚迪,irm2295695,2026/2/28 8:19,"董秘您好！
在车规级半导体晶圆蓬勃发展的当下，过往公司战略会做大做强比亚迪半导体业务，请问公司目前有明确计划推动比亚迪半导体股份有限公司重新进行创业板上市吗？",,,2.21193E+18
2594,比亚迪,cninfo699020,2026/2/28 8:19,请问贵司有研究 飞行汽车 这一块吗？ 它可能是5-10年后落地的大趋势。。。,,,2.21192E+18
2594,比亚迪,irm2695919,2026/2/28 16:56,在2025年3月24日发布的2024年年报中，比亚迪最初的利润分配预案仅为 “每10股派发现金红利39.74元，不送红股，不以公积金转增股本”。然而，在约一个月后的4月22日，公司突然发布公告，在原现金分红方案基础上，临时增加了“10送20”的高送转方案。此动机是否为关键时间点（港股定增解禁前）制造短期利好，拉高股价，方便特定资金退出，将成本和风险转移给后续进入的、尤其是被“低价”吸引的中小投资。,,,2.21219E+18
2594,比亚迪,irm2695919,2026/2/28 16:57,王传福董事长及核心管理层是顶尖的工程师和实业家，信奉“用技术创新回应一切”。但资本市场是“叙事驱动”的，需要持续的故事、可验证的里程碑和透明的预期管理。比亚迪认为“做好业务自然有市值”，但资本市场在缺乏沟通时，会用最悲观的假设来定价。贵司是否考虑转变市值管理思路？,,,2.21219E+18
2594,比亚迪,irm2695919,2026/2/13 9:22,董秘你好，临近2026年春节，投资比亚迪的小股东们在近一年里损失惨重，谨以此向董秘建议，做好市值管理，让投资者能获得收益，不要让投资者寒心，不要做一个毫无责任心的企业。请帮忙转达贵司高层，谢谢了。,投资人您好，比亚迪三十年征程，深感追梦之路从不会一帆风顺。回望征程，我们经历过技术研发的反复试错，也遭遇过市场波动的业绩压力。每一次艰难时刻，感谢有股东们的陪伴，我们一定转达，祝您周末愉快！,比亚迪,2.20082E+18
2594,比亚迪,irm2774592,2026/2/26 10:16,金属涨价，你汽车还是内卷打折，有何对策？利润空间越来越小,尊敬的投资者，您好！相关信息已在您此前相似的提问下进行回复，您的建议及心情也已充分传递，感谢您对公司的关注及建议！,比亚迪,2.2105E+18
2594,比亚迪,irm2774592,2026/2/1 19:34,销量越来越差，跟小米比营销啊。提升品牌啊,感谢您的关注与建议！,比亚迪,2.19223E+18
2594,比亚迪,irm2774592,2026/2/1 10:31,你们的品牌营销太差了，你们低端品牌像洗刷不掉的符号，要与高端品牌合作才行,尊敬的投资者，您好！相关信息已在您此前相似的提问下进行回复，您的建议及心情也已充分传递，感谢您对公司的关注及建议！,比亚迪,2.19195E+18
2594,比亚迪,irm3113828,2026/2/10 22:08,董秘您好。请问公司可以推动，根据二级市场股东持股时间和持股金额为阶梯给予购车优惠吗？以此回应您所说的公司和股东双向奔赴。,您说的完全正确！比亚迪是独特的ToC企业一消费者与股东从未割裂，而是相互转化、彼此成就的群体。许多投资者因认可产品成为股东，在出行中践行绿色理念;不少消费者因信赖品牌，选择成为长期股东，与企业共成长。您的建议已经收到，祝您周末愉快！,比亚迪,2.19899E+18
2594,比亚迪,cninfo1368785,2026/2/7 15:26,比亚迪的专利数断层领先，是否有专利授权情况，授权费是否一次性？其次，比亚迪接下来的智驾平权，能否在存量车增加一套激光雷达版本的通用装车方案，售价亲民点即可，可一定程度解决要换新车才能享受新技术的问题，毕竟汽车不是白菜。易四方或易三方就没必要了，只是想轻度解放。最后，比亚迪作为领先的车企，有考虑建立比亚迪生态圈吗，想腾讯那样？感谢回复！,尊敬的投资者，您好！公司一直关注商业模式的创新，衷心感谢您对公司的关注与宝贵建议！公司未来将持续聆听市场声音，审慎吸纳各类有价值的建言，以赋能公司核心能力提升与高质量发展。,比亚迪,2.19656E+18
2594,比亚迪,cninfo1322183,2026/2/7 10:16,董秘你好，贵公司车和电池都不错销量也在全球遍地开花，股价却一直下跌，想问现在各厂商电池都在加大固态电池的研发，贵公司的专利产品技术到什么阶段了，电网的储能方向公司有涉足么,尊敬的投资人，公司在电池领域技术领先、多种路线都在研发。储能方面，公司持续耕耘，积淀深厚，已构建起覆盖全球的销售、交付、运维、售后网络体系。截至目前，公司储能已成功交付超 500 个储能项目，应用足迹遍布全球110 多个国家和地区。感谢您的关注！,比亚迪,2.1964E+18
2594,比亚迪,irm2774592,2026/2/10 13:13,前沿技术也要布局,尊敬的投资者，您好！相关信息已在您此前相似的提问下进行回复，您的建议及心情也已充分传递，感谢您对公司的关注及建议！,比亚迪,2.19872E+18
2594,比亚迪,irm1979390,2026/2/22 0:02,我是贵公司的股东＋汽车用户，最近看到贵公司在日本上了一款kcar风格的汽车，海獭。请问这款车有没有可能在内地上市，如果没有请帮忙反馈，盼望贵公司将车引进内地，我一定支持购买。,感谢您对咱们产品的关注，您所提到的Kcar其实在日语中称之为“轻自动车”，目前该产品的国内市场尚处于培育期，您的建议和鼓励对我们非常重要，谢谢！,比亚迪,2.20722E+18
2594,比亚迪,cninfo1369031,2026/2/11 10:21,现在市场上比较火热的可变磁通电机，研发阶段是否已经结束，预计什么时候能够规模装车？可变磁通电机是否能够彻底解决高速高耗电的问题,您好！比亚迪一直秉承用技术创新，满足人们对美好生活的向往。公司拥有业内最大的研发工程师团队，持续关注消费者的需求，并适时推出符合需求的产品。感谢您对公司的关注！,比亚迪,2.19937E+18
2594,比亚迪,cninfo1356187,2026/2/11 9:46,比亚迪管理层，最近想购买比亚迪电车，但没有心仪的车型，请问比亚迪后续是否考虑出微型车，类似宝马MINI，外形和内饰都比较精致，智驾版，适合新手女性司机开的车。,尊敬的投资人，跟您汇报下，公司精耕市场、并着手开发多款新车，其中元PLUS、海豚等积极吸引女性用户的新一代车型快速崛起。当然了，您可能还没有看到公司合适的车型，公司也将吸纳建议、持续努力。也想跟您再分享另一个洞察，目前女性用户选购中型与中大型的比例也不低，比如公司方程豹豹5、腾势Z9 GT。您的满意，我们的十分动力，感谢您的关注！,比亚迪,2.19935E+18
2594,比亚迪,cninfo685608,2026/2/2 17:05,领导您好，可以解答一下，贵公司整车旗下有多个品牌，给我的感觉很混乱，公司旗下的仰望有超跑又有 U8 这类车，旗下腾势品牌为什么不主打商务又搞起跑车来了，现在连方程豹也搞轿车，王朝系又搞夏这类商务？是不是给人的感觉特别混乱，为什么仰望不可以专职超跑？腾势专打商务，方程豹专打方盒子硬派越野，王朝专打轿车，女性购车也越来越多专打海洋网，贵公司的汽车技术那是没有人怀疑，希望公司在颜值设计内饰方面多下功夫…,尊敬的投资者，感谢您的建议！公司始终秉持以消费者需求为核心的理念，持续倾听市场与消费者心声。过去数年，公司落地多项颠覆性技术应用，产品矩阵实现持续丰富与迭代升级，产品外观设计语言也完成多轮进化，多方发力下推动公司销量实现快速增长。未来，公司还将持续深耕产品外观设计的优化升级，敬请期待后续新产品的正式发布！,比亚迪,2.1929E+18
2594,比亚迪,irm1240043,2026/2/13 12:49,請問，貴司固態電池技術的研發進度如何？謝謝。,公司深耕电池多年，研发进度领先，谢谢您的关注！,比亚迪,2.20093E+18
2594,比亚迪,cninfo1369056,2026/2/11 11:31,公司是否有与光伏企业进行跨界合作，通过车身表面局部安装HJT，钙钛矿光伏板，进行一个充电，增加电车续航里程,感谢您的建议！,比亚迪,2.19941E+18
2594,比亚迪,irm2619173,2026/2/22 23:30,公司领导能重视公司曾经销量巨大的汉和唐的外观和灯光升级配置吗？汉和唐都是曾经比亚迪重要的旗舰车型，销量攀升也是外观颜值漂亮的时期，近几年的改款做过市场调研和购车群体需求分析吗？曾经稳重大气的龙颜外观越改越别扭？和竞品吉利旗下的车型放一起单论外观，设计师懂国人的审美需求吗？汉和唐的大灯越改越眯眯眼，亮度不见升级？颜值不见当初？经常开夜车的都知道车灯太小周围车辆不易察觉，安全性降低，希望公司领导能关注,感谢您的建议！,比亚迪,2.20794E+18
2594,比亚迪,irm2774592,2026/2/11 19:07,你主要需要和法拉利，兰博基尼这些高级品牌合作，提升品牌形象，他们这些也需要比亚迪的技术,感谢您的建议！,比亚迪,2.19964E+18
2594,比亚迪,irm2774592,2026/2/13 9:51,固态电池是你看家本领，你要及时公告，回应社会关切，提振股价，也是你对广大投资者负责，你知道吗？,尊敬的投资人，特别能理解您的心情，公司在电池领域研发领先，多种方向均有布局，感谢您的关注！,比亚迪,2.20084E+18
2594,比亚迪,irm2261033,2026/2/17 1:51,董秘你好！近年来虽然比亚迪在国内销量有了较大增长，但不可否认也面临诸多挑战：1汽车行业内卷严重，毛利下滑；2消费者对主品牌刻板印象严重，比亚迪就是网约车，高端化受阻。鉴于以上困境，本人建议公司可以考虑：第一，与商业航天公司合作，2年内将一台比亚迪汽车送到近地轨道，比亚迪不是网约车，而是能上太空的车，摆脱网约车刻板印象。第二，3年内将一台仰望送到月球，强化仰望高端属性。,感谢您的建议！,比亚迪,2.20356E+18
2594,比亚迪,cninfo1364315,2026/2/25 10:19,董秘，你好。比亚迪股东买车希望能够优惠一点。,尊敬的投资人，您的建议我们已经收到，股东是比亚迪最坚实的后盾，为股东创造长期价值、提供贴心服务，始终是公司坚守的理念。再次感谢您！,比亚迪,2.20976E+18
2594,比亚迪,irm3174736,2026/2/27 16:00,董秘好，请问比亚迪作为新能源汽车行业的链主企业，受贵司带动的链上企业有哪些？,尊敬的投资人，感谢您对公司供应链的关心。多年以来，公司坚持以市场化方式激发供应链活力，打造内外竞争的开放生态；秉持合作共赢、扶优扶强的原则，发展业界领先、优势互补的核心及战略供应商，形成协同发展共存共荣的伙伴关系，共同促进行业技术创新升级；从技术、质量、成本、交付、风险等多维度订制完善的供应商准入制度，高标准、严要求建设汽车供应链体系，从而最终提升公司整车的产品竞争力。公司的供应链公司众多，不仅有享誉中外的众多大型公司，还有广大的中小企业，暂无法一一列举，请您谅解！,比亚迪,2.21142E+18
2594,比亚迪,irm1712109,2026/2/27 9:39,建议针对各地区推出购车送特色销量或联名礼品，比如电动咖啡机，无人机，帆板，网球拍，旅行包等。,感谢您的建议！,比亚迪,2.21122E+18
2594,比亚迪,irm2774592,2026/2/25 18:02,既然你们的兆瓦闪充很牛，你就应该让它适配所有的电车，然后在全国包括高速公路铺开，收取费用,"感谢您的建议。2025年，公司正式发布“超级 e 平台”，推出闪充电池、 3 万转电机和全新一代车规级碳化硅功率芯片，核心三电全维升级，实现兆瓦级（ 1,000kW）充电功率，开启“油电同速”新时代。过去一年，公司工程师持续研发、技术不断提升，为引领新能源汽车行业的发展不断提供灵感，更多重磅技术，也敬请您留意公司今年的技术发布会。",比亚迪,2.21E+18
2594,比亚迪,irm2695919,2026/2/26 12:33,比亚迪掌握如此多的低空飞行专利，是否有研发飞行汽车的预期？,您好！公司始终秉持用技术创新，满足人们对美好生活的向往，持续深耕消费者核心需求，适时推出兼具市场竞争力与用户价值的产品及技术方案。后续相关动态，敬请关注公司官方发布的权威信息。感谢您对公司的关注与支持！,比亚迪,2.21057E+18
2594,比亚迪,irm2261033,2026/2/26 18:04,董秘你好！真诚提个建议，目前消费者对比亚迪刻板印象严重，很多人认为比亚迪就是网约车，高端化受阻。鉴于以上困境，本人建议公司可以考虑：第一，与商业航天公司合作，2年内将一台比亚迪汽车送到近地轨道，比亚迪不是网约车，而是能上太空的车，摆脱网约车刻板印象。第二，3年内将一台仰望送到月球，强化仰望高端属性。这样的投入能够强化品牌形象，比普通的宣传投入会好很多。,人类因梦想而伟大，感谢您的建议！,比亚迪,2.21074E+18
2594,比亚迪,irm2774592,2026/2/27 16:41,大力发展数据中心储能电源设备,您好！公司始终秉持用技术创新，满足人们对美好生活的向往，持续深耕消费者核心需求，适时推出兼具市场竞争力与用户价值的产品及技术方案。后续相关动态，敬请关注公司官方发布的权威信息。感谢您对公司的关注与支持！,比亚迪,2.21144E+18
2594,比亚迪,irm2774592,2026/2/26 18:14,中国汽车保有量超过了美国，游艇还不及美国千分之一，你们可以试试游艇，市场特别大，现在汽车真的是滞销品,感谢您的建议！,比亚迪,2.21075E+18
2594,比亚迪,irm1691891,2026/2/27 14:18,管理层平均年龄多少？品牌营销的平均年龄多少？,,,2.21137E+18
2594,比亚迪,irm2695919,2026/2/27 8:54,既然是上市公司，就有保护股东权益的责任，请问公司为什么没有增持回购等措施？任由股票下跌，市值缩水，让股民如何再信任你们？不信任你们，也就难以再信任你们的产品。,,,2.2112E+18
2594,比亚迪,irm1712109,2026/2/27 9:51,公司有无计划与华为合作,,,2.21123E+18
2594,比亚迪,irm2695919,2026/2/27 8:55,董秘你好，请解释一下，自贵司拆股以来股价持续下跌的原因。接下来，是否有相关的产品能给予我们中小投资者信心。,,,2.2112E+18
2594,比亚迪,cninfo1367780,2026/2/26 7:43,建议比亚迪电池公司研发高性能铝氟离子电池，以解决对锂矿的依赖。,尊敬的投资人您好，感谢您的建议。公司拥有行业领先的电池开发团队，关注全行业的技术创新。公司已经充分关注锂矿供应情况，并积极提升相关供应链能力。在替代技术方面，公司储备了钠离子电池等技术应用、并进入商用阶段。再次感谢！,比亚迪,2.21042E+18
2594,比亚迪,cninfo1356187,2026/2/24 18:02,贵公司一直在提智驾平权的理念，不知道是否考虑可以在微型车让客户加钱选配天神之眼B？,尊敬的投资人，智驾平权是公司智驾的战略方向。从2025年发布以来，我们陆续收到了包括您在内的广大消费者和投资者的建议，经过研发、产品团队的不懈努力，立项研发了包括海鸥在内的多款带激光雷达的选配方案的车型，相关信息已在工信部今年1月的《道路机动车辆生产企业及产品公告》中发布，具体的明细配置您可以自行了解。公司将根据市场情况，合理计划车型节奏、后续陆续推向市场，敬请期待！,比亚迪,2.20926E+18
2594,比亚迪,irm2695919,2026/2/26 15:20,公司近年来持续投入数百亿级的巨额研发费用，但市场反馈却是销量连续多月同比大幅下滑（尤其是2026年1月数据）。如此高昂的投入却换来如此低迷的市场表现，请公司明确回答：研发转化的效率何在？ 当前的产品策略与市场严重脱节的根源是什么？公司管理层如何对这笔巨大的投资负责？,,,2.21066E+18
2594,比亚迪,irm2695919,2026/2/26 11:05,董秘你好，2026年伊始，比亚迪投资者在近一年的投资过程中损失可谓惨重，请比亚迪公司高层重视二级市场市值管理，勿让投资者寒心，勿让你品牌形象受损，请帮忙转达至贵司高层，多谢了。,,,2.21053E+18
2594,比亚迪,irm2747291,2026/2/26 10:32,不公开新技术与回购有矛盾吗？为什么不重视股东的权益？股价提升也会提升作为股民的消费者的信心。作为一家上市公司，分红回购都是责任！海外销量是好，但请记住海外证券市场对股东权益也是放在首要位置考虑的。这一点不值得公司学习吗？请务必重视大量股民的利益，都是潜在的或者现有的比亚迪车主！,,,2.21051E+18
2594,比亚迪,irm2774592,2026/2/23 23:22,董秘，你们比亚迪储能技术牛，市场份额靠前，却并未被纳入储能etf，请问你们资本部门是不是未尽责？这个是你们的责任吗？,,,2.20868E+18
2594,比亚迪,irm1987636,2026/2/23 22:28,你好，根据公开信息及市场调研获悉，贵公司在企业治理方面呈现出明显的两级分化现象。即各事业部已逐步达到现代企业管理的各项要求，但在人力资源及后勤等板块长期被公司创始人大量亲属占据各关键岗位，呈现出一种管理固化及倒退现象。请问，对此后续可有相关改进预案？,,,2.20865E+18
2594,比亚迪,irm3145003,2026/2/9 8:51,你好，我最近关注到一月份比亚迪销售量大幅下降，而互联网上很多消费者也对比亚迪汽车颇有微词，请问贵公司是否有畅通的、切实有效的消费者意见反馈渠道？以及贵司对未来企业发展前景预估如何，是否有实际的规划来确保未来销售量的上涨,尊敬的投资者，您好！衷心感谢您对公司的关注与宝贵建议！公司已搭建了全媒体矩阵、高管也设立了多个社交媒体，充分吸纳、听取来自各方的反馈，咱们所在的互动易也是聆听投资者、消费者声音的渠道之一。当然，公司秉承“精益求精”的精神，一直在探索更多的可能性、以更好的互动，公司未来将持续聆听市场声音，审慎吸纳各类有价值的建言，以赋能公司核心能力提升与高质量发展。展望前景，公司将坚定发展战略， 强化核心技术的自主可控， 持续提升产品竞争力； 紧跟市场趋势， 坚持以消费者需求为导向， 持续推进多品牌矩阵建设； 加速业务出海进程， 以新能源汽车领域的全面实力， 为全球消费者提供卓越的新能源汽车产品， 助力中国汽车产业引领全球新能源汽车变革。,比亚迪,2.19784E+18
2594,比亚迪,irm1987636,2026/2/23 22:13,你好，根据公开信息，贵公司主管后勤的副总裁王传方2024年薪酬为705.4万，显著高于同时期长城汽车董事长魏建军的568.56万，也高于上汽集团董事长王晓秋的237.76万，也高于赛力斯董事长张正萍的201.42万，请问，在当下汽车行业如此内卷的大背景下，这位后勤处总经理的薪酬是否合理？,,,2.20864E+18
2594,比亚迪,irm2898741,2026/2/22 18:54,"請問比亞迪現在是否有探索智能農業機械、遠洋船舶混合動力系統、海洋發變儲輸電力平臺和可再生燃料製造平臺的計劃？

注意到比亞迪出口歐陸的汽車遭遇高價、配置不夠驚豔、舒適性有待提昇的狀況，請問比亞迪是否打算以較高品質、較高技術水平的仰望品牌出海？如果品牌不注重調性，在哪個市場都會面臨難以沖高、陷入廉價領域博弈的處境，而且很多技術缺乏耐力賽或GT賽事宣傳。",,,2.2078E+18
2594,比亚迪,irm2774592,2026/2/9 22:03,业绩差怎么跟投资者交代呢？,,,2.19825E+18
2594,比亚迪,irm1329237,2026/2/11 22:24,公司已经对外投资包括湖南裕能（新能源电池材料）、盛新锂电、地平线（智能驾驶）、杰华特等近百家科技公司，公司有没有考虑通过并购重组或低价收购有前景、与公司现有业务产生协同效应，提升整体竞争力的公司来布局产业链上下游，以优化供应链和战略资源配置（例如通过二级市场收购只有20多亿市值的通达动力等）？,,,2.19974E+18
2594,比亚迪,irm1418284,2026/2/11 14:45,能说明一下比亚迪一月销量为什么有点低吗？比亚迪2026年有没有销量目标？,,,2.19951E+18
2594,比亚迪,irm2774592,2026/2/6 23:15,阿里本来只是一个卖货平台，现在Ai和芯片，云业务搞的如火如荼。你们咋不学？特斯拉也是可以的,,,2.19606E+18
2594,比亚迪,cninfo1368023,2026/2/2 10:34,董秘，你好，比亚迪以技术为王著称，但是股价一跌再跌，管理层急需出台必要措施进行市值管理，避免恶意循环。既要对技术负责，也要对股民负责。,感谢您的建议。公司重视市值管理工作，立足提升公司质量，坚持技术创新、紧抓市场机遇，通过依法合规的各类方式提升公司投资价值，增强投资者回报，维护公司、投资者合法权益。再次感谢！,比亚迪,2.1927E+18
2594,比亚迪,irm2695919,2026/2/2 8:57,贵司二级市场投资情绪已经降至冰点，多数投资者已经不再支持及选购贵司产品，希望贵司重视市值管理。,特别理解您的心情。公司重视市值管理工作，立足提升公司质量，坚持技术创新、紧抓市场机遇，通过依法合规的各类方式提升公司投资价值，增强投资者回报，维护公司、投资者合法权益，感谢您对公司的关注与建议！,比亚迪,2.19265E+18
2594,比亚迪,irm2731959,2026/2/4 11:04,我认同王总说的股票市场有其周期性，但是我认为目前比亚迪股票是处于失衡状态，失衡状态应该予以合法有效的干预。目前比亚迪的销量可以明显看到股票市场的反身性。企业价值决定股票价格，但股票价格的失衡会反过来打击企业本身。,感谢您的认同。公司重视市值管理工作，立足提升公司质量，坚持技术创新、紧抓市场机遇，通过依法合规的各类方式提升公司投资价值，增强投资者回报，维护公司、投资者合法权益，感谢您对公司的关注与建议！,比亚迪,2.1942E+18
2594,比亚迪,irm1832614,2026/2/4 11:15,"贵公司是不是可以提高与投资者沟通的质量？投资者专线无人接听。形同虚设。



",感谢您的反馈，对于投资者专线未能及时接听给您带来的不便，我们深表歉意。公司高度重视与投资者的沟通，已立即核查专线接听情况，将进一步优化接听机制、加强人员值守，确保沟通渠道畅通高效。热线工作时间为：A股交易日上午8:30-12:30，下午13:30-17:30。后续您若有沟通需求，也可通过互动易平台留言，我们会及时回复。感恩！,比亚迪,2.1942E+18
2594,比亚迪,cninfo740067,2026/2/9 22:32,公司可以把玻璃用成光伏发电玻璃，这样就可以边跑边充电，续航里程增加。这样可以取消充电顾虑，望采纳！,您的观点非常好！公司一直秉承“为地球降温1℃”的使命，推进可再生能源的生态循环利用。业内也在努力提升光伏的转化效率，以达到上述功能的可能性，目前尚处于实验阶段、距离量产有较长时间。比亚迪深耕新能源领域，推出“光储一体化”，致力于新能源的获取、存储和应用，让清洁能源改变世界。谢谢您的关注与建议！,比亚迪,2.19826E+18
2594,比亚迪,irm2295695,2026/2/10 5:35,董秘您好！请问一下，公司目前接近全控比亚迪半导体股份有限公司，公司还会推动比亚迪半导体在创业板独立上市吗？,,,2.19848E+18
2594,比亚迪,irm2619173,2026/2/4 20:34,作为一个小股东，诚心建议公司领导团队重视旗下所有车型的外观，初代龙颜外观打开了销量，就证明市场是高度认可初代龙颜外观的，现在不断出的新车和换代车型外观越来越小众化，诚心建议公司领导恢复初代龙颜的经典外观，技术在领先，外观不被市场认可，终将在市场销量中体现，希望公司领导能高度重视旗下所有车型的经典款外观，不要随意改的四不像，销量低迷，股价低迷。,感谢您的建议！,比亚迪,2.19449E+18
2594,比亚迪,irm1697469,2026/2/9 0:06,是不是可以把电动车的电池包做成飞机黑匣子级别，这样即时它短路化学反应了也不会有火溢出来；或者是把车轿子做成航天级别，即便电池着火把车轿子包围了乘客也安然无恙。当然，双管齐下效果就更好了！,您好！公司始终秉持用技术创新，满足人们对美好生活的向往，持续深耕消费者核心需求，适时推出兼具市场竞争力与用户价值的产品及技术方案。我们认为，技术的探索永无极限。感谢您对公司的关注与支持！,比亚迪,2.19757E+18
2594,比亚迪,irm2774592,2026/2/6 17:30,你们有规划进去加拿大市场吗？有什么战略安排？,,,2.19588E+18
2594,比亚迪,cninfo1331239,2026/2/2 14:59,极客的定价比腾势N9高10要，销量都长期稳稳压比亚迪一倍，腾势N9一身浓浓的怂感和大号家用感，比亚迪不重视用户心理，高端化就是个笑话。只知道卖易三方易三方，功能别人都模仿了。还有用户反馈公司近期重磅产品的外观评审都是设计冻结了形式上请人去，实际吃吃喝喝，根本不想听意见，只想听吹捧。问责和开除比亚迪的现有设计师和产品经理吧，对不起比亚迪的技术，对不上广大支持你们的股东！请公司和王总反思！！！,,,2.19283E+18
2594,比亚迪,irm3137599,2026/2/6 13:30,您好董秘，比亚迪乘用车钠电池量产了吗？钠电车什么时候上市？钠电池成本比锂电成本低多少（百分比）？,,,2.19576E+18
2594,比亚迪,irm3137062,2026/2/5 11:08,你好，我关注到很多流浪猫很容易从车底盘钻入车内，给猫造成生命危险的同时，也给车主带去危险和不便，请问比亚迪是否关注过这个问题，能否在设计上规避这个问题，成为第一个解决这个问题的车企？谢谢,您的建议非常有爱。公司热爱世界、热爱环境、也热爱栖息于此的生命，将设身处地为消费者优化设计。目前，公司的360全景视图功能，能及时分辨周围的环境与物体，，驾驶员有意识主动触发后能开启透明底盘功能，在一定程度上规避此种情景，当然我们也积极考虑创新设计。近期公司也推出了包括萌宠、水族馆和大熊猫三种风格的全新动态主题，具备互动功能，提升驾驶体验，首搭于2026款海豹07 DM-i。衷心感谢您对公司的关注与宝贵建议！,比亚迪,2.19494E+18
2594,比亚迪,cninfo1294220,2026/2/5 12:44,"我有个设想，汽车静止时可以依靠太阳能发电、储能，还可以给手机等电器充电，汽车开动时还可以用风能充电、储能，未来可以去到任何地方，移动小城堡，可涉水可飞行,未来是否可实现？是否有此方面的研发？",您的设想不无可能！公司认为，汽车不仅是满足足下与远方的通勤工具，更是兼具玩乐与生活功能的“第三空间”！公司在汽车、电子、电池、太阳能上的布局、为多元化的创新提供了可能性。公司一直秉承用技术创新，满足人们对美好生活的向往，持续关注消费者的需求，并适时推出符合需求的产品。人类的梦想，让我们的科技一步步前进，成就梦想也是我们的愿景。感谢您的鼓励，我们一同努力！,比亚迪,2.19499E+18
2594,比亚迪,irm3137757,2026/2/5 16:32,你好，比亚迪旗下品牌可以赞助Emily in Paris吗，这部剧很时尚，在巴黎，罗马，希腊等欧洲多地取景，在欧洲影响力也挺好。看了比亚迪腾势汽车和吴彦祖的在远方之后，我觉得这个剧比亚迪汽车能植入肯定非常出彩，可以扩大比亚迪国际影响力。,感谢您的建议，比亚迪一直积极布局国际市场，自创立之初就开始了全球化进程，对海外文化、海外消费者都有理解。《去远方》第二季里，吴彦祖先生执掌腾势Z9GT与D9，奔赴穿越意大利的人文之旅。 从摩德纳赛道劲风到罗马古径余韵，从佛罗伦萨文艺复兴荣光到热那亚航海传奇，这趟旅程既是对人文底蕴的探寻，更是中国豪华汽车的全球亮相，腾势以车为笔、以行为墨，书写中国豪华全球化的崭新篇章。 我们将积极论证、考虑这个营销建议，感谢您的支持！,比亚迪,2.19511E+18
2594,比亚迪,cninfo1323075,2026/2/3 13:16,贵司这么好的底子和研发视力，如果不在Ai时代大力拓展多元化业务，不积极布局，只是想着造车，会被时代拉开差距，你们会后悔的,尊敬的投资人，以人工智能为代表的技术所带来的变革影响了各行各业，公司对此有深刻的认识。围绕人工智能，在人力资源、软硬件的各方面投入巨大资源。汽车制造的应用是人工智能落地好的场景，比亚迪的垂直整合，更为人工智能创造了多种多样制造的场景，以大量的开始使用人类最先进的人工智能技术。感谢您的建议！,比亚迪,2.19352E+18
2594,比亚迪,irm2635071,2026/2/3 21:11,你好，我想了解下一月整车数量下滑，旗下各品牌的下滑情况是怎么样的？是高端产品下滑多，还是低端产品下滑多。,"您好，公司1月份销售超21万辆，蝉联中国新能源汽车销量冠军，乘用车及皮卡海外销售超10万辆，其中比亚迪汽车销售17.75万辆、方程豹销售21,581辆，腾势销售6,002辆，仰望品牌销售413辆。截至2026年1月，公司新能源汽车累计销售超1,530万辆。感谢您的关注！",比亚迪,2.19377E+18
2594,比亚迪,irm2774592,2026/2/3 19:11,大力拓展云轨在沙特阿拉伯的市场,感谢您的建议！,比亚迪,2.19371E+18
2594,比亚迪,cninfo1367982,2026/2/1 20:13,可以给你们的管理层提个意见吗？你们那么多现金，能不能回购一下你们的股票，因为持股比亚迪的散户大多数都是你们的车主，都有换车需求，如果在股票上挣了钱，在你们股票上挣了钱，一般都会再去买你们的车，然后你们的销量就会起来，形成一个良性循环，你看你们1月份的销量惨不忍睹，管理层都不看一下的吗？,尊敬的投资者您好！我们感受到了您对公司的殷切期待，也充分认可您＂投资回报-消费支持＂良性循环的理念。您的建议已经收到，这对我们非常有帮助，感谢您对公司的支持！,比亚迪,2.19225E+18
2594,比亚迪,irm2293573,2026/1/31 3:23,"建议公司的各车型都 预留充分的用户软硬件升级空间，让用户在车辆使用中，根据自己的需求，付费升级各种装备，比如哪怕入门级车也可以付费使用天神之眼B 甚至A, 老用户就不再有背刺的感觉了。",感谢您的建议，对我们很有启发！,比亚迪,2.19099E+18
2594,比亚迪,irm3133333,2026/2/3 17:26,董秘，你好！请问贵公司目前股东数量多少？,"您好尊敬的投资人，根据三季报、截至2025年9月30日，公司A股股东为642,496户，最新股东数量、烦请等待公司2025年年度报告。公司始终相信，高效的治理与真诚的沟通，是企业稳健前行的双翼。我们将竭尽所能、为广大中小股东创造价值，感谢您的关注！",比亚迪,2.19365E+18
2594,比亚迪,irm1240043,2026/2/4 13:29,請問，貴司比亞迪電子是否有太陽能光伏和商業航天業務，謝謝。,,,2.19427E+18
2594,比亚迪,irm2635071,2026/2/4 11:01,昨天在网上看到有人发的彩虹无人机是和比亚迪合作的，请问该消息是否属实？,,,2.1942E+18
2594,比亚迪,irm2774592,2026/2/3 22:14,请你回购股份吧。宁德时代那么牛都在回购。你咋不做？,,,2.1938E+18
2594,比亚迪,irm2635071,2026/2/3 21:06,"你好，看到贵公司一月整车销售数量同比大幅下滑，公司给出的理由是受板块拖累，但是我看到部分车企，销量大增。能不能给出真实原因？
而且我看到随着零部件成本增加，整车每台成本增加几千元，公司是否有提价计划？",,,2.19377E+18
2594,比亚迪,irm2635071,2026/2/3 21:08,你好，我看到公司整车销售数据下降，电池销售数量增加。是不是因为整车成本增加，公司调整策略，只卖更赚钱的产品？,,,2.19377E+18
2594,比亚迪,irm1512074,2026/2/3 16:05,"电动汽车已经进入同质化激烈竞争，技术领先度已经很不明显了，建议公司更加注重品牌、口碑、售后等。
在储能及动力电池环节也要加大市场营销力度，我作为一个新能源行业从业十多年的人员，竟然从没见过比亚迪储能的销售和技术人员。",,,2.19361E+18
2594,比亚迪,cninfo1368243,2026/2/3 11:42,比亚迪公司为什么不采取些措施稳定股票，最近哪些比亚迪公司的新研发能够让投资者有信心拿住股票,,,2.19348E+18
2594,比亚迪,cninfo1312758,2026/2/2 20:59,分红后这半年股价跌了近三分之一，公司有做市值管理吗？,,,2.19302E+18
2594,比亚迪,cninfo1368127,2026/2/2 19:10,贵司股票从万亿俱乐部一路跌到8000亿，贵司没有市值管理计划吗？,,,2.19296E+18
2594,比亚迪,irm2774592,2026/2/2 16:03,大量研发费用去哪里了？股东都被蒙了,,,2.19287E+18
2594,比亚迪,irm1512074,2026/2/3 10:38,您好，同为动力电池和储能销售商，宁德时代为什么净利润率那么高，比亚迪净利润这么差，是不是公司的产品比较低端？卖不上价钱？,,,2.19344E+18
2594,比亚迪,irm2695919,2026/2/3 9:29,请比亚迪公司勿忽视投资者利益，股价连续下跌四个季度市值严重缩水，已经导致比亚迪品牌形象受损，请一定采取相关措施维稳二级市场，否则会反噬销量及贵司利润。,,,2.19341E+18
2594,比亚迪,irm2695919,2026/2/3 8:30,请问比亚迪公司是否设立投关部门，如若设立投关部门该部门是否存在重大失职行为。,,,2.19338E+18
2594,比亚迪,irm2774592,2026/1/30 18:13,你们的宣传及营销太差了。你们的最牛技术根本不知道。大家就是认为你们是杂牌低端车。,,,2.19071E+18
2594,比亚迪,irm2695919,2026/1/30 13:36,请问董秘，自拆股至今，比亚迪股价跌幅已达30%，且未发现贵司有任何市值管理举措，难道作为新能源汽车龙头企业，比亚迪如此不在乎投资者利益吗？,,,2.19057E+18
2594,比亚迪,irm2695919,2026/1/30 13:22,贵司股价已连续下跌四个季度，是否有重大未披露风险？请勿漠不关心忽视问题，望董秘进行回复。,,,2.19056E+18
2594,比亚迪,irm1329237,2026/1/29 21:53,公司在2025年取得了里程碑式的业绩，不仅蝉联全球新能源汽车销量冠军，其纯电动汽车销量更是首次超越特斯拉，登顶全球纯电销量榜首。公司在机器人领域的布局，是其“新能源汽车+人工智能”战略的深度延伸。公司有没有考虑通过并购重组或低价收购有前景、可以协同发展的公司来寻求突破（例如通过二级市场收购只有20亿市值的通达动力等）？,尊敬的投资者您好！公司积极关注具身智能机器人领域，也长期看好智能化变革带来的机遇。我们凭借完善的新能源产业链布局、领先的技术创新能力和丰富的场景应用经验，积极布局未来产业；亦通过与业内头部企业达成股权和业务等多维度合作实现资源协同，从而赋能业务提质增效，加速培育新业态、新模式与新动能。感谢您对公司的关注及建议！,比亚迪,2.19008E+18
2594,比亚迪,irm1258018,2026/2/2 15:23,请问我公司为什么没有像其他车企一样公布今年的销售目标；2025年的经营情况是否预披露一下；销售策略上是否会有调整。谢谢。,,,2.19285E+18
2594,比亚迪,cninfo1329405,2026/2/2 14:26,公司公告2026年1月出口海外新能源汽车数量，为什么没有同比（与2025年）数？还有储能装机同比也没,,,2.19282E+18
2594,比亚迪,irm3116361,2026/2/2 5:22,基于贵司2026年1月产销快报，国外表现亮眼，但国内销量同比显著下降，而部分竞品逆势增长。面对国内市场变化，请问对下滑作何解读？公司对未来继续保持行业龙头地位是否仍有信心？公司将采取哪些具体措施来应对当前的市场挑战并巩固竞争优势？,,,2.19254E+18
2594,比亚迪,irm2695919,2026/2/1 19:06,随着国内几大车企陆续发布一月份销量数据，比亚迪貌似是唯一一家销量大幅下跌的车企，请问董秘，你司花巨额研发费用是在打水漂吗？股价的持续下跌已经影响到你司形象和声誉，带来了严重的连锁反应，相信销量也被股价持续下跌所影响继而下滑，面对这种现状你司仍然没有任何市值管理动作，这正常吗？,,,2.19222E+18
2594,比亚迪,irm3125087,2026/1/30 23:16,投资比亚迪能获得什么样的回报？,,,2.19086E+18
2594,比亚迪,irm1255796,2026/1/30 21:51,请详细说说公司在人形机器人和飞行汽车领域的技术储备、应用落地情况和量产计划，谢谢！,,,2.19082E+18
2594,比亚迪,irm3113828,2026/1/30 18:30,董秘您好，技术是一个公司的护城河，公司应当予以重视！公司12万的研发团队，社会也给予积极点赞！作为一个行业龙头企业，公司应积极拓展高科技和新兴产业，汽车只是科技产业中的一个应用！以公司现有技术来说，公司应当知道对消费者来说鱼的最大作用是用来饱腹，而不是在水里喂养。,,,2.19072E+18
2594,比亚迪,irm3113828,2026/1/30 18:18,董秘您好，网络上有许多评论公司基本员工福利较差，斯以为企业应关心员工福利，这也是公司应该做到的社会责任！另外，公司有约100万名员工，是国内上市公司中员工数量最大的！在目前工业发达，智能化工厂普及的环境下，请问公司是否人均效率低下，在当前大消费景气不足的背景下，是否考虑以智能化生产降低大量人员成本？,,,2.19071E+18
2594,比亚迪,irm1512074,2026/1/30 17:02,建议公司从社会上积极招募和聘请专业的宣传和公关人才，把关键领导岗位交给专业人员。,,,2.19067E+18
2594,比亚迪,irm2695919,2026/1/30 16:33,你们到底有没有对投资者负责？成果呢？研发技术呢？那么多钱用于研发啥也没有，或者没用，你对得起谁？,,,2.19066E+18
2594,比亚迪,irm1512074,2026/1/28 11:29,你总说自己是科技公司，你倒是说一说除了汽车和电池、手机代工这传统产品，你能做点什么高科技产品？,"尊敬的投资者，您好！公司始终秉承 “用技术创新，满足人们对美好生活的向往”，聚焦消费者核心需求，自 2020 年起先后推出 “刀片电池”、“DM-i 超级混动系统”、“天神之眼技术矩阵” 等核心技术成果，既为消费者打造了兼具品质与体验的优质产品，更持续引领新能源汽车行业的技术发展与产业升级方向。公司新能源汽车销量从 2020 年的 189,689 辆攀升至 2025 年的 4,602,436 辆，这一跨越式增长，正是上述核心技术持续商业化转化的直接体现。技术创新与产业发展非一日之功，既需要长期的技术沉淀与积累，更需要对市场需求的精准洞察与把握。公司持续的高研发投入，正不断筑牢深厚的技术护城河，更是支撑公司全球化布局推进与长期高质量发展的核心基石。后续公司也将基于消费者需求在合适的时机推出具有竞争力的技术及产品。感谢您对公司的关注！",比亚迪,2.18902E+18
2594,比亚迪,cninfo1331239,2026/1/28 15:29,比亚迪最大的对手是鸿蒙智行，瓦解最有力的方式是坚决不能让其在豪华、奢侈以及智能化体验方面形成代差，且确保此方面的任何落后要以最快的速度全力拉齐，确保其高额投入形成不了利润。,您好！感谢您对公司的建议！,比亚迪,2.18914E+18
2594,比亚迪,cninfo1331239,2026/1/28 14:40,"应持续对鸿蒙的“融资信贷枯竭”战略：
1、贴身定价打击：在鸿蒙爆款区间精准投放同质低价车型，挤压合作伙伴利润，削弱其外部融资能力，迫使华为消耗更多自有资金，甚至放弃。
2、加速技术折旧：通过端到端大模型的大规模装车，缩短对手智驾代差的窗口期，使高昂研发投入难以通过溢价回收。
3、生态反包围：开放技术给中腰部车企，建立“迪in”生态，加强软件平台投入整合，从侧翼瓦解鸿蒙合作朋友圈，抢占行业流动性空间",您好！感谢您对公司的建议！,比亚迪,2.18911E+18
2594,比亚迪,cninfo1331239,2026/1/28 14:34,重视自鸿蒙智行的挑战！去年战略成功。利用规模效应垂直整合，“技术溢价”转为“生存耐力”。通过“智驾平权”战略，高阶智驾下放20万以下车型，对撞鸿蒙智行的高研发成本，迫使其退缩高端市场。激进折旧也稳住未来利润，稳固了“发展”阶段的正向现金流，成功在对手跨越“生存”期前建立起厚实的财务壁垒。后续应重点触发对手的“融资信贷枯竭”具体措施包括持续贴身定价，技术折旧，生态反包围等。,您好！感谢您对公司的建议！,比亚迪,2.18911E+18
2594,比亚迪,irm2774592,2026/1/24 12:15,你们要转型为AI公司，机器人公司才行，你看看特斯拉，人家是怎么经营的，你要学习的呀,尊敬的投资者，您好！相关信息已在您此前相似的提问下进行回复，您的建议及心情也已充分传递，感谢您对公司的关注及建议！,比亚迪,2.18607E+18
2594,比亚迪,irm2774592,2026/1/29 9:22,特斯拉将停产Model S和Model X，转向机器人，你不是说有技术池吗？学呀,尊敬的投资者，您好！相关信息已在您此前相似的提问下进行回复，您的建议及心情也已充分传递，感谢您对公司的关注及建议！,比亚迪,2.18969E+18
2594,比亚迪,irm2656452,2026/1/30 7:27,雪地模式消费者不知道，爆胎稳行消费者不知道，还有三元锂比刀片电池高端，增程比插混先进，天神之眼比某为落后很多，甚至不作电池的特某啦电池都比比亚迪电池先进……这是相当一部分消费者的认知，安全之王世界技术第一的车竞然卖不过网红组装车，可悲。比亚迪的传播需要一场轰轰烈烈的正本清源的强传播，否则对不起数万工程师，对不起广大消费者，更对不起自己承担的社会责任，建议公司迅速组织一次网上新能源知识普及活动。,尊敬的投资者，您好！公司会持续听取有价值的建议以提升自身综合能力，后续也将继续强化公司先进技术的宣传。感谢您对公司传播方面的建议！,比亚迪,2.19038E+18
2594,比亚迪,irm3065619,2026/1/12 15:48,请问公司拥有众多专利技术，25年重新登顶新能源车销冠，股价却连续半年下跌，公司重金研发的技术价值并未在公司股价上体现，原因何在？公司市值管理团队是否有作为?,尊敬的投资者，您好！相关信息已在您此前相似的提问下进行回复，您的建议及心情也已充分传递，感谢您对公司的关注及建议！,比亚迪,2.17727E+18
2594,比亚迪,irm3065619,2026/1/14 11:00,为何公司销量业绩上涨，研发投入申请众多专利，股价却连连下跌，公司赚钱股东亏钱？,"尊敬的投资者，您好！公司始终秉承 “用技术创新，满足人们对美好生活的向往”，聚焦消费者核心需求，自 2020 年起先后推出 “刀片电池”、“DM-i 超级混动系统”、“天神之眼技术矩阵” 等核心技术成果，既为消费者打造了兼具品质与体验的优质产品，更持续引领新能源汽车行业的技术发展与产业升级方向。公司新能源汽车销量从 2020 年的 189,689 辆攀升至 2025 年的 4,602,436 辆，这一跨越式增长，正是上述核心技术持续商业化转化的直接体现。技术创新与产业发展非一日之功，既需要长期的技术沉淀与积累，更需要对市场需求的精准洞察与把握。公司持续的高研发投入，正不断筑牢深厚的技术护城河，更是支撑公司全球化布局推进与长期高质量发展的核心基石。关于二级市场股价表现，公司股价受行业竞争格局、资本市场整体情绪、市场资金偏好、股东交易行为等多重因素综合影响，存在一定的市场波动性。后续公司也将基于消费者需求在合适的时机推出具有竞争力的技术及产品。感谢您对公司的关注！",比亚迪,2.17861E+18
2594,比亚迪,irm2774592,2026/1/29 12:33,那个云轨能盈利吗？要不停了转向机器人，更有前景,尊敬的投资者，您好！相关信息已在您此前相似的提问下进行回复，您的建议及心情也已充分传递，感谢您对公司的关注及建议！,比亚迪,2.18979E+18
2594,比亚迪,irm1329237,2026/1/30 8:09,公司2025年新能源车市场表现非常亮眼，连续五年稳坐全球新能源汽车销量冠军宝座。其中，纯电车型销量同比大幅增长，首次超越特斯拉，成为全球纯电市场的销量冠军。公司由第十五事业部的“未来实验室”主导，聚焦具身智能，涵盖人形机器人、双足机器人等方向。公司有没有考虑并购重组或低价收购有前景的公司，通过品牌互补、资源协同和规模效应来提升竞争力（例如并购只有20亿市值的通达动力等）？,尊敬的投资者，您好！相关信息已在您相似的提问下进行回复。感谢您对公司的关注！,比亚迪,2.1904E+18
2594,比亚迪,irm3113828,2026/1/27 14:25,您好，公司为何如此傲慢不愿意倾听消费者的反馈。公司提倡的技术为王，和消费者反馈的外观内饰的审美，并没有冲突上的矛盾。一个好的技术，搭配一个颜值让消费者满意的外观内饰，销量才不会被挤压。,尊敬的投资者，您好！公司始终秉持以消费者需求为核心的理念，持续倾听市场与消费者心声。过去数年，公司落地多项颠覆性技术应用，产品矩阵实现持续丰富与迭代升级，产品外观设计语言也完成多轮进化，多方发力下推动公司销量实现快速增长。未来，公司还将持续深耕产品外观设计的优化升级，敬请期待后续新产品的正式发布！感谢您的宝贵建议与关注！,比亚迪,2.18836E+18
2594,比亚迪,irm2704070,2026/1/23 22:14,建议王总学习一下董宝珍老师的《精神经济学》，努力提升比亚迪的品牌价值和精神价值！多生产好看又好用的精品汽车！,尊敬的投资者，您好！公司始终秉持以技术创新，满足人们对美好生活的向往，未来也将持续在技术研发、产品设计等多维度精进核心能力，持续推出契合市场与消费者核心需求的产品。衷心感谢您对公司的关注与宝贵建议！,比亚迪,2.18564E+18
2594,比亚迪,irm1620741,2026/1/23 15:47,强烈建议公司将分红比例从30%适度上调，让长期持股者实实在在的获取投资收益。去年的股本高送转已经证明没有任何意义，表面上给了众多散户投资机会，实际促成了国内众多短视机构们纷纷跑路，希望管理层能够引以为戒。,尊敬的投资者，您好！感谢您对公司的建议！,比亚迪,2.18544E+18
2594,比亚迪,irm3113828,2026/1/27 18:32,您好，公司汽车产品在内饰和外观方面长期以来被吐槽，是因为公司觉得自己有独特的美学，还是公司认为销量很高了，不需要这些在乎颜值的购车群体。望公司了解下年轻群体的需求，而不是沉浸在部分技术方面遥遥领先。,尊敬的投资者，您好！公司持续听取消费者心声，在过去几年，公司的众多颠覆性技术应用落地，产品矩阵不断丰富、优化，产品外观设计语言亦有多次进化，共同助力公司销量快速增长。后续公司也将在产品外观上进行持续的优化，敬请期待！感谢您对公司的建议！,比亚迪,2.18849E+18
2594,比亚迪,irm2308088,2026/1/30 8:44,"目前市场上流传，公司智驾芯片已经流片成功。下半年准备替代英伟达和地平线，搭载在天眼之神C车型。

请问是否属实？",,,2.19041E+18
2594,比亚迪,irm2774592,2026/1/30 8:36,你看微软原来是做操作系统，现在搞AI投资，如果还是操作系统可能没那么市值。你们战略可以投资AI模型，深度合作才行。,,,2.19041E+18
2594,比亚迪,irm3057370,2026/1/29 13:16,请问公司固态电池GWh级设备和材料招标何时开始。,,,2.18981E+18
2594,比亚迪,irm1921137,2026/1/29 9:09,请问董秘，在国家大力鼓励发展科技自主创新突破的大背景下，独立上市将会更有利于公司做大做强，公司还在继续推动比亚迪半导体股份公司独立上市吗？,,,2.18969E+18
2594,比亚迪,cninfo1328233,2026/1/28 13:34,董秘您好，2023年的时候全球电动航空器领域使用的锂电池中，超过65%直接或间接使用了比亚迪的专利技术，请问刀片电池的高安全性和长寿命特性是否适合太空极端环境？是否已经为国内星网计划等卫星星座提供核心电源解决方案？,,,2.18908E+18
2594,比亚迪,cninfo1367274,2026/1/28 11:17,您好，请问公司在机器人、AI等方向有何前瞻布局，当前发展及研究状况如何？,,,2.18901E+18
2594,比亚迪,irm2695919,2026/1/28 11:00,请问公司何时回购股份？,,,2.189E+18
2594,比亚迪,irm1512074,2026/1/28 10:12,请问公司何时回购股份？,,,2.18898E+18
2594,比亚迪,irm3007360,2026/1/28 8:54,请问公司2026年销量目标确定没有，国内销量目标多少，海外市场销量目标多少。近日网传公司公关部负责人李云飞在媒体采访时披露海外销量目标为130万辆，是否属实，是否需要通过规定渠道披露重大信息,,,2.18894E+18
2594,比亚迪,irm2774592,2026/1/27 22:07,公司干脆回购股份吧,,,2.1886E+18
2594,比亚迪,irm2371901,2026/1/27 19:37,建议给H和I级员工补发2025年高温补贴和夜班补助，还有发放年终奖，以感谢他们在2025年对比亚迪作出的贡献,,,2.18852E+18
2594,比亚迪,irm1512074,2026/1/27 15:39,"建议加强公关和对外宣传方面工作,改正前期工作失误！",,,2.1884E+18
2594,比亚迪,irm2695919,2026/1/27 13:58,请问董秘，贵司股价连续数月跌跌不休，前期有传言飞行汽车，公司股价得以小幅度反弹，然而因贵司员工李云飞一句话股价继而转向下跌，目前投资者情绪已降至冰点，贵司是否考虑正式发布一下技术展望维护一下市值？如果股价继续下跌继而影响贵司形象相信也不是贵司管理层希望看到的局面，望考虑，谢谢。,,,2.18835E+18
2594,比亚迪,irm2747291,2026/1/26 11:21,既然是上市公司，就有保护股东权益的责任，请问公司为什么没有增持回购等措施？任由股票下跌，市值缩水，让股民如何再信任你们？不信任你们，也就难以再信任你们的产品。,,,2.18753E+18
2594,比亚迪,irm3113255,2026/1/27 10:28,您好，请谈一下，自2026年1月以来，贵公司的股价持续下跌的原因，分析完原因后，请主要谈一下措施。下来，是否有相关的产品能给予我们小投资者的信心。,,,2.18824E+18
2594,比亚迪,irm1451835,2026/1/27 10:08,请问贵司股价近期下跌较多，前期高管增持股价还挺高的，不考虑继续增持或回购吗？,,,2.18823E+18
2594,比亚迪,irm2774592,2026/1/26 21:10,诺基亚手机垮台的时候，它的手机质量还是非常好的。你们的车质量也好。为啥市值一直越来越差？忙了几年没有增值,,,2.18783E+18
2594,比亚迪,irm2635071,2026/1/26 17:51,您好，注意到各类资源、芯片都在涨价，会不会对公司利润产生负面影响，面对原材料、零件涨价，贵公司有什么应对计划？,,,2.18773E+18
2594,比亚迪,irm2695919,2026/1/26 16:55,请问董秘，自拆股至今，比亚迪股价跌幅已达30%，且未发现贵司有任何市值管理举措，难道作为新能源汽车龙头企业，比亚迪如此不在乎投资者利益吗？,,,2.1877E+18
2594,比亚迪,irm2774592,2026/1/19 18:36,你好，马斯克称推动特斯拉转型为机器人公司，估值将达25万亿美元。你们在机器人上投入有多少？有无加大投入的规划？,尊敬的投资者您好！公司积极关注具身智能机器人领域，也长期看好智能化变革带来的机遇。我们凭借完善的新能源产业链布局、领先的技术创新能力和丰富的场景应用经验，积极布局未来产业；亦通过与业内头部企业达成股权和业务等多维度合作实现资源协同，从而赋能业务提质增效，加速培育新业态、新模式与新动能。感谢您对公司的关注！,比亚迪,2.18256E+18
2594,比亚迪,irm1543355,2026/1/26 14:18,您好董秘，我是比亚迪车主，同时也是小股东之一，长期持有公司股票。关于比亚迪车险想请教一下下面的问题：1.比亚迪车险的财务是否已经并表？2.比亚迪车险的保费定价策略是否是根据每个车子的行驶数据及车子的硬件物理数据千人千面定制？3.比亚迪车险系统是否已引入人工智能计算保费？谢谢！！！,,,2.18762E+18
2594,比亚迪,irm3108148,2026/1/25 15:32,请说明王传方先生（后勤事业部）与王传福先生是否存在应披露未披露的兄弟关系？李柯女士是否涉及实际控制人亲属关系？,,,2.18691E+18
2594,比亚迪,irm2774592,2026/1/24 12:16,你有没有涉及到AI技术研发和交叉？,,,2.18607E+18
2594,比亚迪,irm2774592,2026/1/23 16:57,你们在商业航天方面有何业务和规划？技术储备有吗？,,,2.18547E+18
2594,比亚迪,irm2774592,2026/1/23 11:43,你们到底有没有对投资者负责？成果呢？研发技术呢？那么多钱用于研发啥也没有，或者没用，你对得起谁？,尊敬的投资者，您好！关于您对公司研发方面的关注及建议已在您其他相关的问题下进行回复。后续公司将持续地基于消费者需求，在合适的时机推出具有竞争力的技术及产品。互动易平台是上市公司与投资者沟通的渠道，针对平台上相关问题的回复，均需以公开信息为依，也欢迎您关注公司的官方信息发布。感谢您对公司的关注！,比亚迪,2.18531E+18
2594,比亚迪,irm2656452,2026/1/20 14:29,最近很多人发现公司新申报车型，或者只增加几度电，续航却增加了百多公里，或者减少了几度电，续航还反到增加了，请问公司是用什么新技术了吗？为何不广泛传播？,您好！公司始终秉持用技术创新，满足人们对美好生活的向往，持续深耕消费者核心需求，适时推出兼具市场竞争力与用户价值的产品及技术方案。后续相关动态，敬请关注公司官方发布的权威信息。感谢您对公司的关注与支持！,比亚迪,2.18317E+18
2594,比亚迪,cninfo1331239,2026/1/22 17:35,"第七，如果没有正视组织规模带来的僵化风险，而继续依赖高度集中决策与工程惯性，那么战略纠错的时点只会越来越滞后。
第八，如果没有在品牌叙事上主动提高门槛、减少解释，而试图对所有人讲清楚“我们有多强”，那么品牌将永远停留在“理性认可”，而非“情绪认同”。
第九，如果没有在巅峰期主动重构自身，而等到外部压力迫使改变，那么再强的工程能力，也只能用来追赶已经改变的世界。",尊敬的投资者，您好！衷心感谢您对公司的关注与宝贵建议！,比亚迪,2.18475E+18
2594,比亚迪,irm2774592,2026/1/22 21:47,固态电池啥进展没有。十几万工程师到底干嘛呢？,尊敬的投资者，您好！关于您对公司研发方面的关注及建议已在您其他相关的问题下进行回复。后续公司将持续地基于消费者需求，在合适的时机推出具有竞争力的技术及产品。互动易平台是上市公司与投资者沟通的渠道，针对平台上相关问题的回复，均需以公开信息为依，也欢迎您关注公司的官方信息发布。感谢您对公司的关注！,比亚迪,2.18488E+18
2594,比亚迪,cninfo1331239,2026/1/22 17:35,"第四，如果没有在高端产品线上容忍浪费、复杂和细节极致追求，而始终以成本最优为第一原则，那么所谓“冲击豪华”只能停留在参数表里。
第五，如果没有让软件与数据团队获得反向定义硬件的权力，而只是把软件当作功能模块与卖点补充，那么智能化时代的规则制定权将永远在别人手中。
第六，如果因为效率焦虑，没有为内部与主航道不一致的探索留出长期空间，那么组织会在一次次正确执行中，逐步丧失应对范式切换的能力。",尊敬的投资者，您好！衷心感谢您对公司的关注与宝贵建议！,比亚迪,2.18475E+18
2594,比亚迪,cninfo1331239,2026/1/22 17:33,"第一，如果不主动承认“制造优势不等于价值定义权”，而继续把全部战略资源压在规模和效率上，那么被定价为“成熟制造企业”几乎是必然结果。
第二，如果没有明确区分“技术领先”和“技术溢价”，而默认所有突破都应尽快普惠，那么比亚迪将长期承担研发成本，却把情绪价值和资本溢价拱手让人。
第三，如果在海外市场选择用低价快速换取市占率，而不是坚持高端锚点优先，那么品牌一旦被贴上“便宜且可靠”的标签，几乎不可逆。",尊敬的投资者，您好！衷心感谢您对公司的关注与宝贵建议！公司未来将持续聆听市场声音，审慎吸纳各类有价值的建言，以赋能公司核心能力提升与高质量发展。,比亚迪,2.18475E+18
2594,比亚迪,irm2774592,2026/1/19 17:13,你好，很多投资者看好你们的股价至少翻一倍。请你们公布一下新技术，新战略,尊敬的投资者，您好！关于您对公司研发方面的关注及建议已在您其他相关的问题下进行回复。后续公司将持续地基于消费者需求，在合适的时机推出具有竞争力的技术及产品，也欢迎您关注公司的官方信息发布。感谢您对公司的关注！,比亚迪,2.18251E+18
2594,比亚迪,irm2774592,2026/1/19 14:50,贵公司有无计划扩大储能的经营占比？,尊敬的投资者，您好！公司在储能领域持续耕耘，积淀深厚，已构建起覆盖全球的销售、交付、运维、售后网络体系。截至目前，公司储能已成功交付超 500 个储能项目，应用足迹遍布全球110 多个国家和地区。公司积极拓展自身储能业务，1月13日至15日，公司储能携领先技术、创新产品及储能解决方案的最新成果，亮相阿联酋举行的世界未来能源峰会（WFES）。展会上，搭载全球量产最大容量2710Ah 储能专用刀片电池的“Haohan”系统备受瞩目。该系统单元容量达14.5MWh，具备 IP66 高防护等级，可大幅降低维护成本，尤其适应中东高温多尘的环境。在沙特地区，公司储能已落地12.5GWh 全球最大电网侧储能项目，全部并网后将成为当地能源转型的重要支撑。在沙漠边缘等严苛环境中稳定运行的比亚迪魔方储能系统，进一步验证了其卓越的适应性与可靠性，为中东市场提供了有力范本。感谢您对公司的关注！,比亚迪,2.18244E+18
2594,比亚迪,irm2774592,2026/1/16 17:27,你们研发方向有吗？浪费大量研发费毫无成果,尊敬的投资者，您好！关于您对公司研发方面的关注及建议已在您其他相关的问题下进行回复。后续公司将持续地基于消费者需求，在合适的时机推出具有竞争力的技术及产品，也欢迎您关注公司的官方信息发布。感谢您对公司的关注！,比亚迪,2.18029E+18
2594,比亚迪,irm2774592,2026/1/12 11:38,董秘您好，现在大家都觉得你们经常把技术挂在嘴边，但是你们的技术不惊艳，目前你们品牌还是低端，请你们务必重视品牌提升，尤其是要融合前沿技术比如飞行汽车和机器人，就连你的看家本领电池，也表现不咋样，很失望啊,尊敬的投资者，您好！关于您对公司研发方面的关注及建议已在您其他相关的问题下进行回复。后续公司将持续地基于消费者需求，在合适的时机推出具有竞争力的技术及产品，也欢迎您关注公司的官方信息发布。感谢您对公司的关注！,比亚迪,2.17715E+18
2594,比亚迪,irm2774592,2026/1/11 12:40,你好现在网上说你们傲慢，不注意营销和品牌管理，比亚迪还是低端的品牌印象，根深蒂固。请你们要注重引领前沿技术比如飞行汽车，固态电池，AI和商业航天的融合，不要辜负投资者,尊敬的投资者，您好！关于您对公司研发方面的关注及建议已在您其他相关的问题下进行回复。后续公司将持续地基于消费者需求，在合适的时机推出具有竞争力的技术及产品，也欢迎您关注公司的官方信息发布。感谢您对公司的关注！,比亚迪,2.17644E+18
2594,比亚迪,irm2774592,2026/1/15 20:26,你好，今年比亚迪股价拉胯，你们投入了巨大研发费却在一季度后再无任何新技术，你们怎么跟投资者交代？,"尊敬的投资者，您好！公司始终秉承 “用技术创新，满足人们对美好生活的向往”，聚焦消费者核心需求，自 2020 年起先后推出 “刀片电池”、“DM-i 超级混动系统”、“天神之眼技术矩阵” 等核心技术成果，既为消费者打造了兼具品质与体验的优质产品，更持续引领新能源汽车行业的技术发展与产业升级方向。公司新能源汽车销量从 2020 年的 189,689 辆攀升至 2025 年的 4,602,436 辆，这一跨越式增长，正是上述核心技术持续商业化转化的直接体现。技术创新与产业发展非一日之功，既需要长期的技术沉淀与积累，更需要对市场需求的精准洞察与把握。公司持续的高研发投入，正不断筑牢深厚的技术护城河，更是支撑公司全球化布局推进与长期高质量发展的核心基石。关于二级市场股价表现，公司股价受行业竞争格局、资本市场整体情绪、市场资金偏好、股东交易行为等多重因素综合影响，存在一定的市场波动性。后续公司也将基于消费者需求在合适的时机推出具有竞争力的技术及产品。感谢您对公司的关注！",比亚迪,2.17964E+18
2594,比亚迪,irm1328557,2026/1/23 14:13,董秘，你好！请问可以介绍下尖晶石型锰酸锂固态电池路线的优缺点吗，是否可以成为固态电池主流路线之一呢，谢谢,,,2.18539E+18
2594,比亚迪,irm3057363,2026/1/23 10:05,请学学小米的市值管理，给投资者信心，回购股票机制建立起来,,,2.18526E+18
2594,比亚迪,irm2695919,2026/1/22 11:35,请问比亚迪公司是否设立投关部门，如若设立投关部门该部门是否存在重大失职行为。,,,2.18457E+18
2594,比亚迪,cninfo1331239,2026/1/21 19:28,有关统计显示国内基金几乎全部清空了比亚迪的股票，请问投关是否要反省一下自己的工作。,,,2.18407E+18
2594,比亚迪,irm2695919,2026/1/21 9:06,比亚迪向阿联酋Al?Futtaim家族办公室等投资者闪电配售56亿美元，，比亚迪增发前或刻意做高第一季度数据，以美化报表吸引中东资本，却对后续不做市值管理导致持续暴跌不闻不问。增发后比亚迪股价持续下行，大量小股东持仓较买入价跌幅超40%，公司董秘李黔所言“荣光”与小股东“斩杀”之困，形成刺眼对比。你怎么看,,,2.18375E+18
2594,比亚迪,irm1476040,2026/1/15 11:55,董秘您好，我是比亚迪股东，请问BYD有无在研究人形机器人或类似产品，公司作为工业产品生产厂家，怎么考虑的来应对AI时代，盼复，谢谢！,尊敬的投资者您好！公司积极关注具身智能机器人领域，也长期看好智能化变革带来的机遇。我们凭借完善的新能源产业链布局、领先的技术创新能力和丰富的场景应用经验，积极布局未来产业；亦通过与业内头部企业达成股权和业务等多维度合作实现资源协同，从而赋能业务提质增效，加速培育新业态、新模式与新动能。感谢您对公司的关注！,比亚迪,2.17938E+18
2594,比亚迪,irm2695919,2026/1/20 13:54,股价连跌数月不止，长期大幅背离板块及指数，是否有未披露重大风险？为何比亚迪高层毫无市值管理动作？,,,2.18315E+18
2594,比亚迪,irm2695919,2026/1/20 13:46,是否公司的《市值管理制度》形同虚设？,,,2.18315E+18
2594,比亚迪,irm2656452,2026/1/20 14:24,加拿大开放中国电车市场，德国对中国电车同样给予补贴，请问公司有何对策，会到加拿大设厂吗？,,,2.18317E+18
2594,比亚迪,irm2883298,2026/1/20 11:21,"近一周了，为何一直不回复？
结合Bernstein报告提到比亚迪在这两个领域都是全球领导者，但电池被低估，投资者主要将其视为汽车制造商这一情况， 1、解释公司是如何执行《市值管理制度》第十条“分析市场各方对公司投资价值的判断”及第十一条“加强与投资者之间的沟通，……，增进投资者对公司的了解并争取投资者对公司价值的认同。”的？2、是否公司的《市值管理制度》形同虚设？",,,2.18307E+18
2594,比亚迪,irm2774592,2026/1/19 16:06,你好，你们与AI结合体结合的技术有使用吗？有AI技术用在车上吗？,,,2.18248E+18
2594,比亚迪,irm2774592,2026/1/19 14:46,你好，比亚迪储能很强，但是很多储能etf并未将比亚迪纳入成分股，请贵公司资本部门处理一下,,,2.18244E+18
2594,比亚迪,irm2774592,2026/1/16 11:49,网上说你们登陆美国？属实吗？,,,2.18012E+18
2594,比亚迪,irm1476040,2026/1/19 10:04,董秘你好，中国电动助动车保有量这么庞大，公司有考量么，有布局么？,尊敬的投资者，您好！随着小动力电池的需求增多，公司坚持技术创新，成功开发了多款圆柱电池以及软包电池，包括电芯和电池包，满足市场对小动力电池的需求。公司小动力电池可应用于各种领域，包括电动二轮车、电动三轮车、微型电动车等多个领域。更多的相关信息您也可以访问公司官方网站进行查阅，感谢您对公司的关注及支持！,比亚迪,2.18229E+18
2594,比亚迪,cninfo1217983,2026/1/18 20:44,请问贵公司在智能驾驶方面有何目标和计划？是否在申请L3？,,,2.18188E+18
2594,比亚迪,irm2321239,2026/1/18 0:08,请问比亚迪赞助中国之队（U23）顺利进行中吗？谢谢,,,2.18124E+18
2594,比亚迪,cninfo1304312,2026/1/14 15:07,A股比亚迪走势比港股还要差，请董事会注意市值管理，所有A/H 都是A股高于H股，只有比亚迪比港股还要低，让人大跌眼镜，唏嘘不已，请比亚迪注意影响。,,,2.17874E+18
2594,比亚迪,irm2883298,2026/1/15 14:40,"请结合网传Bernstein最近报告提到比亚迪在这两个领域都是全球领导者，但电池被低估，投资者主要将其视为汽车制造商这一情况，

1/解释一下公司是如何执行《市值管理制度》第十条“分析市场各方对公司投资价值的判断”及第十一条“加强与投资者之间的沟通，……，增进投资者对公司的了解并争取投资者对公司价值的认同。”的？2/是否公司的《市值管理制度》形同虚设？",,,2.17947E+18
2594,比亚迪,irm2695919,2026/1/15 13:56,请问比亚迪有设立投关部门吗？,,,2.17944E+18
2594,比亚迪,cninfo1304312,2026/1/15 8:33,目前26年美国ces展芬兰公司已经研发出来固态电池，并在26年量产，国内也是加紧研发中，半固态电池已经开始使用，而比亚迪使用磷酸铁锂电池这样看似稳定其实落后的技术用在电动车，已经呈现销售不及预期，股市行情在大牛市持续下跌低迷的现象，比亚迪汽车董事会是否意识到外部竞争环境的变化，还是躺在过去温柔乡里无法自拔,,,2.17928E+18
2594,比亚迪,irm2774592,2026/1/14 17:53,你们能在政府主张的自动驾驶上有什么优势？,,,2.17882E+18
2594,比亚迪,irm2438707,2026/1/13 17:56,重磅建议比亚迪董事会把叉车这个弱项做强做大，比亚迪叉车含金量太低，更别说无人驾驶叉车，AGV物流车和工业移动机器人了。现在最好的选择就是收购技术储备好的攻丝，建议收购诺力股份。诺力全向重载卷料搬运机器人3-40吨，轻盈丝滑跳起华尔兹，将改变码头货场作业图，诺宝具身机器人等，我们在技术上和诺力差距很大。诺力市值只有60亿出头，2026销售收入破100亿。PE不到12，还可控制即将在港上市的中鼎集成。,尊敬的投资者您好！感谢您对公司业务发展的建议！,比亚迪,2.17808E+18
2594,比亚迪,irm2774592,2026/1/12 21:19,你好，可以与保时捷，法拉利合作，提高品牌,尊敬的投资者您好！感谢您对公司的建议！,比亚迪,2.17744E+18
2594,比亚迪,irm1258018,2026/1/13 16:21,快过年了，请注意安全生产，安全第一。公司2025年业绩如果即使达不到交易所披露的标准，是否也披露一下，让持股量不大的股东心安。谢谢。,尊敬的投资者您好！您的心情我们充分理解，公司始终将职业健康安全视为关注焦点， 确立了“敬畏生命、 安全发展”的核心指导原则，并矢志追求“零事故”的终极目标。 为此， 我们制定并定期更新《 比亚迪安全与健康政策》《 比亚迪公司安全生产责任制度》《 比亚迪公司安全生产事故事件应急管理办法》《 比亚迪公司职业卫生管理办法》《 比亚迪公司安环督查管理办法》等一系列制度， 持续完善《 比亚迪公司安全环境隐患分类分级管理规定》《 比亚迪公司平安工厂星级评定管理规定》《 比亚迪公司安全环境文件及档案管理办法》《 比亚迪公司设备设施安全管理规定》 等内部规定， 确保从顶层设计到基层执行， 每一环节紧密相扣、 高效运作。公司后续也将严格遵守披露规则进行相关信息披露。感谢您对公司的关注及支持！,比亚迪,2.17803E+18
2594,比亚迪,irm2883298,2026/1/14 13:41,近据报道，Bernstein分析师在一份报告中表示，比亚迪的电池业务被低估，因为投资者主要将其视为一家电动汽车制造商，尽管比亚迪在这两个领域都是全球领导者。问：1、上述信息是否属实？2、公司是否有需澄清之处？3、董办在向资本市场该介绍公司时该发挥怎样作用？,,,2.17869E+18
2594,比亚迪,irm1851448,2026/1/14 13:37,请问贵公司是否将AI4S应用于汽车设计？谢谢,,,2.17869E+18
2594,比亚迪,irm2774592,2026/1/14 12:38,董秘您好，你们比亚迪的智能驾驶和工信部号召的自动驾驶有啥区别吗,,,2.17866E+18
2594,比亚迪,irm2279328,2026/1/8 22:12,比亚迪其他分公司，我不是很清楚，但是我们济南这边的电池分公司我经过深入了解，管理很松散啊！有些员工打完卡，然后就离厂干私事去了。希望咱们公司能加强管理！,尊敬的投资者您好！感谢您向我们反馈相关现象。公司有完善的管理制度，如您有相关信息愿意分享，也请发送邮件给tousu@byd.com。,比亚迪,2.1745E+18
2594,比亚迪,irm1697469,2026/1/10 9:02,比亚迪您好！现在基础材料这么发达了，能不能把整车框架做成全透明的，或者除了abc柱外其他的做成透明的，基本可以实现驾驶员360度无盲区。,尊敬的投资者您好！您的想法非常有创意，后续公司将严格遵守相关产品准入标准，基于公司自身产品、技术规划，推出符合消费者需求的产品。感谢您对公司的建言献策！,比亚迪,2.17558E+18
2594,比亚迪,cninfo604192,2026/1/11 17:16,尊敬的董秘，比亚迪今年有分红吗？,尊敬的投资者您好！公司年度分红方案将于年度董事会提交董事会审议。根据相关法律法规，该方案需分别经公司董事会及股东会审议通过后方可生效，具体情况可留意相关公告，感谢您的关注！,比亚迪,2.17658E+18
2594,比亚迪,irm2774592,2026/1/9 20:27,你好，投资一些前沿技术的公司,尊敬的投资者您好！感谢您的关注及建议！,比亚迪,2.17519E+18
2594,比亚迪,cninfo1354046,2026/1/9 17:15,贵公司在26年第一季度的业绩目标是多少？,尊敬的投资者您好！相关信息请关注公司官方发布。感谢您对公司的关注！,比亚迪,2.17509E+18
2594,比亚迪,cninfo1071454,2026/1/9 14:49,看到工信部比亚迪的新车型海鸥海豚可以选装激光雷达，请问选装的激光雷达是与哪家公司合作的？,尊敬的投资者您好！借此机会向您介绍公司在汽车智能化方面的进展。公司去年初重磅发布“全民智驾”战略，通过规模优势驱动数据快速积累，“天神之眼”算法加速迭代，实现越开越好开，越用越安全。公司持续推进“天神之眼”升级，涵盖泊车、行车与安全三大核心板块，带来多项功能新增与体验优化，率先实现媲美L4级的智能泊车，并承诺在中国市场对所有“天神之眼”车辆用户在智能泊车场景下的安全及损失全面兜底，以技术铸就安全，用实力为安全兜底，让消费者买得安心，开得放心！后续公司也将在智能化方面持续发力，为消费者带来更优质的产品。公司供应链合作及相关技术参数，属于商业保密范畴，请咨询相关公开信息。感谢您对公司的关注！,比亚迪,2.17502E+18
2594,比亚迪,irm2774592,2026/1/8 17:37,董秘您好，特此批评你回答都是客套语言。根本没有认真回答投资者关心的固态电池进展,尊敬的投资者您好！此问题已在您提出的其他相关问题下做出回复，感谢您对公司的关注！,比亚迪,2.17436E+18
2594,比亚迪,irm1184727,2026/1/8 21:35,"从工商信息网站看见比亚迪在第四季度回购了比亚迪半导体的其他股东的股份，公司成了比亚迪半导体唯一的单一股东，100％控股，那请问，这股权结构还能IPo?
如不符合ipo的股权结构要求，如何实现半导体资产独立上市证券化？",尊敬的投资者您好！根据比亚迪半导体股份有限公司在国家企业信用信息公示系统中公示的内容，比亚迪股份有限公司持有比亚迪半导体股份有限公司的股权比例为95.392%。其他相关信息也请以公开披露为准。感谢您对公司的关注！,比亚迪,2.17448E+18
2594,比亚迪,irm2774592,2026/1/8 21:01,董秘您好，看到你们你们兜底购置税，就是内卷价格，根本没有创新，高技术吸引人，认真学习苹果手机公司，非常失望啊,尊敬的投资者您好！公司持续践行“好技术人人可享”的理念，推动“全民长续航”，正式开启了“大电池插混”时代，旗下4款热销插混轿车正式加推大电池DM-i，CLTC纯电续航均达210km，综合续航超2110km。公司以用户需求为出发，对于日均通勤40km的用户而言，“一周一充”也可满足高频次的代步出行需求。此外，王朝D级双旗舰，汉唐9系旗舰车型亦亮相在即，敬请期待！,比亚迪,2.17447E+18
2594,比亚迪,irm2774592,2026/1/10 21:25,董秘您好，固态电池你到底在做吗？怎么样？不要糊弄投资者或者随便模糊回答。请你回答是或者否？,尊敬的投资者！理解您对公司价值的认可及期待，公司将持续投入研发资源，推出更符合消费者需求的产品。互动易平台是上市公司与投资者沟通的渠道，针对平台上相关问题的回复，均需以公开信息为依据，不得涉及未公开信息。也欢迎您关注公司官方信息发布渠道。感谢您的理解及支持！,比亚迪,2.17596E+18
2594,比亚迪,irm2169472,2026/1/8 17:16,我问一下贵公司电池有没有用到单臂碳纳米管，你们回复了自己电池的能力，答非所问啊，这需要保密吗？能否正面回复一下？,尊敬的投资者！理解您对公司价值的认可及期待，公司将持续投入研发资源，推出更符合消费者需求的产品。更多涉及到技术、供应链细节的信息还请以公司正式披露为准。感谢您的理解及支持！,比亚迪,2.17435E+18
2594,比亚迪,cninfo1365065,2026/1/13 9:24,为什么不披露两融余额,尊敬的投资者您好！公司主要依据上市地相关法律法规进行信息披露，两融余额不在公司披露范围。您也可以通过交易所公开信息进行相关内容查询。感谢您对公司的关注！,比亚迪,2.17782E+18
2594,比亚迪,irm3065619,2026/1/13 14:04,2025年股息及分红计划什么时候披露,尊敬的投资者您好！公司年度分红方案将于年度董事会提交董事会审议。根据相关法律法规，该方案需分别经公司董事会及股东会审议通过后方可生效，具体情况可留意相关公告，感谢您的关注！,比亚迪,2.17796E+18
2594,比亚迪,irm1240043,2026/1/12 19:53,請問，貴司比亞迪電子業務是否有產品應用於商業航天領域？謝謝。,,,2.1774E+18
2594,比亚迪,irm1255796,2026/1/12 11:36,请问，公司作为车规级产业链自给率最高的车企，有卓越的品控能力。目前国家卫星战略急切，卫星产能严重不足，以比亚迪的生产能力，是不是在商业航天产业链上，有能力大有可为？比如在电源系统、电池、轻量级新材料，以及火箭、卫星组件等方面。另外低空领域，小鹏都能做出来飞行汽车，我不信比亚迪没有相应的技术储备，请详细说说。谢谢！,,,2.17714E+18
2594,比亚迪,irm1240043,2026/1/12 11:14,請問，貴司是否有產品應用於商業航天領域？謝謝。,,,2.17713E+18
2594,比亚迪,cninfo826895,2026/1/10 15:02,国家取消电池出口退税政策对公司业绩有什么影响吗？如有影响公司，影响多少出口量和利润？,,,2.17577E+18
2594,比亚迪,irm1535087,2026/1/10 8:27,请问最近内存价格大涨对子公司比亚迪电子的负面影响大吗？公司怎么应对？,,,2.17556E+18
2594,比亚迪,irm2774592,2026/1/8 22:13,你好，比亚迪正为国内星网计划等卫星星座提供核心电源解决方案，这个说法真实吗？,,,2.1745E+18
2594,比亚迪,irm2774592,2026/1/8 22:12,你好：2023年全球电动航空器领域使用的锂电池中，超过65%直接或间接使用了比亚迪的专利技术，这个消息真实吗？,,,2.1745E+18
2594,比亚迪,irm2774592,2026/1/8 22:10,你好，比亚迪与中国火箭技术研究院的深度合作涉及的商业航天能简单披露一下吗？你们在商业航天的布局还有吗？,,,2.1745E+18
2594,比亚迪,irm2774592,2026/1/8 22:07,你好，你们有没有投资商业航天的公司？或者间接持股的基金，谢谢,,,2.1745E+18
2594,比亚迪,irm2774592,2026/1/8 21:48,董秘您好，你看看宁德时代过去和你们差不多现在是你们两倍市值，他有的电池技术，你都会，差距在哪？,,,2.17449E+18
2594,比亚迪,cninfo650712,2026/1/8 12:22,公司为什么不参加ces展？公司应该把自己定位为科技公司而不只是参加车展的汽车公司,尊敬的投资者您好！感谢您对公司的建议！,比亚迪,2.1742E+18
2594,比亚迪,irm2774592,2026/1/7 19:18,董秘你好，你们可以和英伟达合作，跟meta合作，加快人工智能的融合，纯粹的汽车产品太卷了,尊敬的投资者您好！感谢您对公司关注及建议！,比亚迪,2.17367E+18
2594,比亚迪,irm2656452,2026/1/7 15:20,建议公司在传播上连正常传播都有久缺的情况下，就不要提弱传播了，品牌是要能够使消费者有幻想力，这也是提供情绪价值的一种方式，否则就是一般品牌。公司不会造势，别人造势，就要顺势而为，或者让子弹飞一会，而不是迅速辟＂谣＂，固态电池，飞行器都是如此，固态电池难道不是公司的核心业务，飞行器难道公司能保证公司将来不涉及，这些传言对公司和他人有害吗？相反，真正损害公司的传言却反应迟钝，迟迟不作回应…,尊敬的投资者您好！公司会持续听取有价值的建议以提升自身综合能力，感谢您对公司传播方面的建议！,比亚迪,2.17355E+18
2594,比亚迪,irm2656452,2026/1/7 14:58,网上（雪球等）有公司2月份举办科技发布的舆论，属实吗？或者今年有惊艳技术的发布吧？如果有，会预热吧？这个不需要克制，低调，弱传播吧？,尊敬的投资者您好！公司一直秉承用技术创新，满足人们对美好生活的向往。颠覆性技术的出现需要长期的积累沉淀，公司始终重视研发投入，2025年前三季度研发费用437亿元。后续也请关注公司官方渠道的信息发布！感谢您对公司的支持！,比亚迪,2.17354E+18
2594,比亚迪,irm2774592,2026/1/7 8:32,你好，比亚迪为啥不把车卖到美国本土？日本市场你都打开了，那么牛,尊敬的投资者！公司汽车业务出海步伐不断加速，海外业务不仅成为新的核心增长极，更是成为中国新能源汽车走向世界的靓丽名片。未来公司将凭借新能源技术与产品实力的领先优势，继续积极扩展产品线、完善海外产能与销售网络，持续深化全球化战略的布局。感谢您的关注！,比亚迪,2.17334E+18
2594,比亚迪,irm2313465,2026/1/6 21:33,据消息Donut Lab全固态电池可提供400Wh/kg能量密度，五分钟充满电，并已具备量产。想问下贵公司固态电池研发进度怎么样了？,尊敬的投资者您好，公司坚持自主创新，做好技术的前瞻性研究，通过不断地原创和颠覆性创新，确保技术和产品的领先，并持续关注消费者的需求，适时推出符合需求的产品。感谢您的持续关注！,比亚迪,2.173E+18
2594,比亚迪,irm2567587,2026/1/8 9:44,请问现在股东户数有多少？,"尊敬的投资者您好！根据公司发布的《2025年第三季度报告》，报告期末公司普通股股东总数为642,600户，后续股东户数情况也请持续关注公司发布。感谢您对公司的关注！",比亚迪,2.17412E+18
2594,比亚迪,irm2169472,2026/1/7 11:42,请问贵公司电池产品有使用单壁碳纳米管吗？此类产品对电池的技术性影响大吗？是提高电池性能的必须选择吗？,尊敬的投资者您好！公司坚持不懈地投入研发资源，提升自身产品性能，满足消费者切实的需求。3月，公司召开超级e平台技术发布会，发布划时代超级e平台，推出闪充电池、3万转电机和全新一代车规级碳化硅功率芯片，核心三电全维升级，刷新多项全球之最。其中“闪充电池”从电池正极到负极，全方位构建起超高速离子通道，将电池内阻降低50%，充电电流做到1000A，充电倍率达到10C，都是全球之最。感谢您对公司的关注！,比亚迪,2.17344E+18
2594,比亚迪,irm2774592,2026/1/4 16:40,董秘您好，你们卖的车多，利润却下滑，就是跟大量其他品牌内卷。你们得开辟固态电池，储能，低空经济赛道，这是中央文件的,尊敬的投资者您好！比亚迪一直秉承用技术创新，满足人们对美好生活的向往，持续关注消费者的需求，并适时推出符合需求的产品。感谢您对公司的关注！,比亚迪,2.17136E+18
2594,比亚迪,irm2774592,2026/1/4 16:33,董秘您好，低空经济被中央文件重点强调，你们为啥拒绝飞行汽车的开发？总是内卷各种汽车，低端产品太多了，创新方向不对,尊敬的投资者您好！比亚迪一直秉承用技术创新，满足人们对美好生活的向往，持续关注消费者的需求，并适时推出符合需求的产品。感谢您对公司的关注！,比亚迪,2.17136E+18
2594,比亚迪,cninfo1313689,2026/1/4 13:34,请问董秘，比亚迪的刀片电池在手机上有应用吗？目前开始批量供货了吗？,尊敬的投资者您好！感谢您对公司业务的关注，从1996年开始，公司深耕3C锂离子电池，陆续推出方形铝壳、软包、扣式以及钢壳电池，满足各类消费类终端的应用。一直以来，坚持服务全球大客户，赢得客户的信赖。更多的信息也欢迎您访问公司官方网站进行查询！,比亚迪,2.17127E+18
2594,比亚迪,irm1673627,2026/1/8 15:06,您好董秘，贵公司L3级自动驾驶汽车已经在路测，需要测试到什么时候，消费者什么时候可以买到L3级别自动驾驶汽车,,,2.17428E+18
2594,比亚迪,cninfo1248074,2026/1/7 14:24,作为一家负责任的公司，如果未有实质性经营困境，当市场整体不错的情况下，作为行业龙头，市值管理水平有待提高，对不起这么多支持你们的股东,,,2.17352E+18
2594,比亚迪,irm3042595,2026/1/4 9:53,董秘您好，请问公司“10万元以上车型标配城市NOA”的目标，具体指2026年上市的新车型，还是包括所有在售车型的升级？目前端到端大模型的训练进展和实际道路测试里程如何？,,,2.17115E+18
2594,比亚迪,irm3039811,2026/1/2 20:22,董秘您好！公司2025年2月10日智能化战略发布会明确“天神之眼C记忆领航（MNOA）功能2025年底前OTA推送”，目前已进入2026年1月，该功能仅处于灰度测试阶段，且公司未发布任何关于延迟的正式公告。请问：1. 未如期全量推送的具体原因，是否涉及硬件/软件/合规问题？2. 全量推送的准确时间节点？3. 未就延迟发布公告，是否符合上市公司信息披露与投资者关系管理的诚信要求？4. 公司将采取何种,,,2.16999E+18
2594,比亚迪,irm2774592,2025/12/2 21:24,董秘您好，很久没有听到比亚迪的重大科技进展发明，最近比亚迪有无重大突破性发明？,尊敬的投资人您好，公司多年坚持自主创新，用颠覆性、原创性技术催生壮大新质生产力。我们的研发工程师“天团”正日夜兼程，敬请期待2026年！祝您新年快乐！,比亚迪,2.14702E+18
2594,比亚迪,irm2255450,2025/12/10 16:38,在esg中，公司对议题是如何进行财务重要性分析的？,感谢您的专业提问，比亚迪以技术创新为核心，在绿色低碳发展、社会责任履行及企业治理优化等方面取得显著成效。具体请咨询《2024年比亚迪可持续发展报告》，谢谢！,比亚迪,2.15281E+18
2594,比亚迪,irm3005817,2025/12/17 19:00,董秘您好，请问贵公司目前是否针对员工生育或育儿设有相关福利或奖励政策？若有，可否说明主要内容（如生育补贴、额外假期、托育中心或者其他育儿支持等）？谢谢。,"感谢您的关注。集团严格遵守运营所在国家及地区关于工作时长、假期的法律法规，确保所有员工依法享有年休假、孕产假、婚假、丧假等一系列福利假期。集团尊重员工根据自身需求合理安排有薪假的使用权利。对于女性员工，集团严格执行
保护规定，为孕期、哺乳期、产期妇女提供特殊保障。除了正常的孕检假、产假、哺乳假外，集团还在全国多个园区建立了温馨的母婴室，营造一个以人为本、关怀备至的工作环境。祝您新年快乐！",比亚迪,2.15808E+18
2594,比亚迪,irm2578978,2025/12/19 16:01,另外C-NCAP 2024版乘员保护中的选做项 纯电动汽车刮底试验，比亚迪唐L、比亚迪海狮07没有做。请问为什么没有做？,感谢您非常细致的问题，关于公司产品的测试、验证属于实操领域，不在小编的专业范围内呢。,比亚迪,2.15947E+18
2594,比亚迪,irm2774592,2025/12/18 17:32,董秘您好，比亚迪自动驾驶出租你们可以开拓，你们绝对有那个实力啊,感谢您的关注与建议！,比亚迪,2.15877E+18
2594,比亚迪,cninfo1362738,2025/12/17 9:33,请问天神之眼B的车位到车位到底什么时候才能ota？从9月份开始宣传，广大车主都望眼欲穿三个月啦！是在等待审核通过呢还是有其他问题？具体到车型，目前大火的方程豹钛7什么时候能够ota车位到车位和预瞄呢？ 今年这个月有戏吗？从车友们的实际使用反馈来看，过去一年天神之眼C数据积累快迭代进步也快，但天神之眼B进步迟缓，甚至感觉和一年前区别不大，友商都ota一年了这种追赶速度还得加快呀！,非常理解您的心情，公司研发人员也在昼夜兼程加紧研发。公司今年重磅发布“全民智驾”战略，通过规模优势驱动数据快速积累，“天神之眼”算法加速迭代，截止2025年11月底搭载车型累销超230万台，每天数据生成超1.5亿公里，推动智能化水平不断迭代精进。公司持续推进“天神之眼”升级，涵盖泊车、行车与安全三大核心板块，带来多项功能新增与体验优化，以技术铸就安全，用实力为安全兜底，让消费者买得安心，开得放心。,比亚迪,2.15778E+18
2594,比亚迪,irm2774592,2025/12/18 17:32,董秘你好，最近看到你们电动大巴技术非常尖端，国外开拓很大市场，中国国内一线城市怎么没有比亚迪电动大巴？可以送给他们几辆试用，必须开拓国内大巴市场啊,尊敬的投资人您好，公司一直致力于用技术创新，满足人们对美好生活的向往。公司也是公共领域电动化的积极倡导者与践行者，多年来在国内外新能源商用车领域市场位列前茅。公司的电动大巴已应用于国内多线城市的公共交通，为提供绿色出行解决方案。感谢您的关注！,比亚迪,2.15877E+18
2594,比亚迪,irm3035745,2025/12/31 15:50,请问公司在L3车型申报的进展是什么，有可能在26年一季度推出相关的车型吗？以及公司在市值管理上是否有更体系的工作安排？,,,2.16837E+18
2594,比亚迪,irm2943613,2025/12/26 12:26,请问公司在2024-2025年期间，新能源乘用车与商用车在国内与海外市场的产能布局有何差异化安排？海外市场的主要增长的集中在哪些区域？,尊敬的投资人您好，公司全球化进程迈入新阶段， 产品已遍布全球6大洲、110多个国家和地区，并强势进入英国、巴西、新加坡等全球多个市场的新能源汽车热销前列， 推动公司海外销量再上新台阶，有效推动欧洲、拉美、亚太等主要区域的新能源汽车渗透率提升。公司目前已宣布投产海外工厂有泰国、乌兹别克斯坦、巴西，正在规划投产的有匈牙利等几个工厂。感谢您的关注，预祝您新年快乐！,比亚迪,2.16455E+18
2594,比亚迪,cninfo771766,2025/12/19 9:45,12/18/2025昨天大宗交易3.13万，成交价85.69，但整天股价并没去到这个价，是怎样操作的？谢谢,A股是公开的股票交易市场，交易量和价格由市场供求关系决定。关于操作，实在不在小编的专业领域内呢，还请您咨询相关专业机构。预祝您新年快乐！,比亚迪,2.15928E+18
2594,比亚迪,irm2255450,2025/12/10 16:38,社会责任报告、可持续发展报告、esg报告有什么区别,尊敬的投资人，根据行业的定义，CSR报告和ESG报告在内容、目的和适用范围上存在显著差异，CSR更侧重于企业的社会责任，而ESG则强调环境、社会和治理的综合绩效。今年3月26日，比亚迪发布2024年可持续发展报告，系统性披露了公司在环境、社会及治理（ESG）领域的战略规划、实践成果与长期承诺。报告显示，比亚迪以技术创新为核心，在绿色低碳发展、社会责任履行及企业治理优化等方面取得显著成效。,比亚迪,2.15281E+18
2594,比亚迪,irm1499700,2025/12/2 18:53,11月海外销量环比大增至13万台，请问海外业务出现哪些变化？盼回复 谢谢,感谢您的关注。公司全球化进程迈入新阶段， 产品已遍布全球6大洲、 110多个国家和地区， 并强势进入英国、巴西、 新加坡等全球多个市场的新能源汽车热销前列， 推动海外销量再上新台阶，有效推动欧洲、拉美、 亚太等主要区域的新能源汽车渗透率提升。 此外， 公司多年沉淀的领先科技及成熟可靠的产品进一步加强比亚迪在全球市场的品牌认可度， 海外定价实现高举高打， 更高的盈利能力使海外业务成为公司持续高速高质增长的新引擎。11月19日，比亚迪在西班牙巴塞罗那举行比亚迪元UP DM-i（BYD ATTO 2 DM-i）欧洲发布会，并同步发布长续航纯电版（BYD ATTO 2 Comfort）。双版本车型的推出进一步丰富了比亚迪在欧洲市场的产品布局，以“纯电+插混”双线并行的方式，精准响应欧洲用户多样化的出行需求。,比亚迪,2.14694E+18
2594,比亚迪,cninfo610811,2025/12/25 19:15,钛合金材质，强度高，重量轻，轻量化效果非常之好，而且工作耐高温。一般温度烧不穿。请问贵司有没有考虑在电池包上使用钛合金材料，以进一步降低着火之后火势蔓延驾驶员整个无法逃离的风险？,"您好尊敬的投资人。公司持续投入整车于电池技术升级，刀片解决动力电池行业的安全难题,进一步提升动力电池产品的安全性，构建行业安全新标杆,缓解消费者的安全焦虑。CTB（ Cell to Body ）电池车身一体化技术通过电池与车身的高度集成设计,实现电动车整车功能和性能的跨越性提升，实现正碰结构安全提升 50%，侧碰结构安全提 升 45%，车身轻量化系数低至1.75。感谢您的关注！",比亚迪,2.16402E+18
